id,Datetime,Rainfall (mm),Discharge (ML/d),Turbidity (NTU),Discharge (cms)
1562,2015-01-04 17:00:00,2.0,8.475,5.6,0.098
1563,2015-01-04 18:00:00,1.5,9.386,6.1,0.109
1564,2015-01-04 19:00:00,2.5,13.051,6.5,0.151
1565,2015-01-04 20:00:00,2.5,1549.374,384.2,17.933
1566,2015-01-04 21:00:00,0.0,2114.072,267.5,24.468
1567,2015-01-04 22:00:00,0.0,908.336,286.5,10.513
1568,2015-01-04 23:00:00,0.0,537.083,193.5,6.216
1569,2015-01-05 00:00:00,0.0,505.124,370.3,5.846
1570,2015-01-05 01:00:00,0.0,505.642,274.1,5.852
1571,2015-01-05 02:00:00,0.0,475.484,148.0,5.503
1572,2015-01-05 03:00:00,0.0,428.469,85.8,4.959
1573,2015-01-05 04:00:00,0.0,378.387,67.6,4.379
1574,2015-01-05 05:00:00,0.5,285.334,56.1,3.302
1575,2015-01-05 06:00:00,0.0,171.484,50.4,1.985
1576,2015-01-05 07:00:00,0.0,124.686,42.5,1.443
1577,2015-01-05 08:00:00,0.0,103.526,36.8,1.198
1578,2015-01-05 09:00:00,0.0,90.399,32.5,1.046
1579,2015-01-05 10:00:00,0.0,79.815,28.4,0.924
1580,2015-01-05 11:00:00,0.0,71.354,24.9,0.826
1581,2015-01-05 12:00:00,0.0,65.989,21.9,0.764
1582,2015-01-05 13:00:00,0.0,61.084,19.8,0.707
1583,2015-01-05 14:00:00,0.0,56.626,16.9,0.655
1584,2015-01-05 15:00:00,0.0,53.223,15.3,0.616
1585,2015-01-05 16:00:00,0.0,49.804,14.2,0.576
1586,2015-01-05 17:00:00,0.0,51.83,13.4,0.6
1587,2015-01-05 18:00:00,0.0,54.319,12.5,0.629
1588,2015-01-05 19:00:00,0.0,51.903,11.6,0.601
1589,2015-01-05 20:00:00,0.0,46.886,11.3,0.543
1590,2015-01-05 21:00:00,0.0,45.264,11.1,0.524
1591,2015-01-05 22:00:00,0.0,43.381,10.7,0.502
1592,2015-01-05 23:00:00,0.0,41.291,9.7,0.478
1593,2015-01-06 00:00:00,0.0,40.863,9.0,0.473
1594,2015-01-06 01:00:00,0.0,39.582,7.9,0.458
1595,2015-01-06 02:00:00,0.0,37.712,7.9,0.436
1596,2015-01-06 03:00:00,0.0,37.307,7.7,0.432
1597,2015-01-06 04:00:00,0.0,35.9,7.2,0.416
1598,2015-01-06 05:00:00,0.0,33.722,7.0,0.39
1599,2015-01-06 06:00:00,0.0,32.51,7.6,0.376
1600,2015-01-06 07:00:00,0.0,30.579,7.1,0.354
1601,2015-01-06 08:00:00,0.0,28.844,6.5,0.334
1602,2015-01-06 09:00:00,0.0,28.058,5.8,0.325
1603,2015-01-06 10:00:00,0.0,26.805,5.7,0.31
1604,2015-01-06 11:00:00,0.0,26.863,5.3,0.311
1605,2015-01-06 12:00:00,0.0,27.488,5.2,0.318
1606,2015-01-06 13:00:00,0.0,25.32,4.9,0.293
1607,2015-01-06 14:00:00,0.0,25.976,4.7,0.301
1608,2015-01-06 15:00:00,0.0,26.526,4.6,0.307
1609,2015-01-06 16:00:00,0.0,27.002,4.5,0.313
1610,2015-01-06 17:00:00,0.0,26.974,4.2,0.312
1611,2015-01-06 18:00:00,0.0,25.782,4.2,0.298
1612,2015-01-06 19:00:00,0.0,25.591,4.2,0.296
1613,2015-01-06 20:00:00,0.0,24.755,4.2,0.287
4093,2015-04-20 04:00:00,0.5,17.887,7.6,0.207
4094,2015-04-20 05:00:00,0.0,26.852,9.6,0.311
4095,2015-04-20 06:00:00,0.5,31.399,9.8,0.363
4096,2015-04-20 07:00:00,1.5,32.856,9.7,0.38
4097,2015-04-20 08:00:00,2.0,32.473,9.7,0.376
4098,2015-04-20 09:00:00,1.5,52.277,16.3,0.605
4099,2015-04-20 10:00:00,0.5,57.471,14.7,0.665
4100,2015-04-20 11:00:00,1.5,71.976,16.9,0.833
4101,2015-04-20 12:00:00,0.5,122.441,33.8,1.417
4102,2015-04-20 13:00:00,3.0,147.469,36.9,1.707
4103,2015-04-20 14:00:00,6.0,185.214,46.9,2.144
4104,2015-04-20 15:00:00,3.5,192.293,44.9,2.226
4105,2015-04-20 16:00:00,2.5,235.916,60.7,2.731
4106,2015-04-20 17:00:00,5.0,426.496,138.7,4.936
4107,2015-04-20 18:00:00,6.0,741.337,237.3,8.58
4108,2015-04-20 19:00:00,6.5,859.888,177.6,9.952
4109,2015-04-20 20:00:00,7.0,1195.333,201.4,13.835
4110,2015-04-20 21:00:00,4.5,1893.186,267.2,21.912
4111,2015-04-20 22:00:00,1.5,2633.493,278.3,30.48
4112,2015-04-20 23:00:00,1.5,3347.465,270.4,38.744
4113,2015-04-21 00:00:00,0.5,3401.207,235.5,39.366
4114,2015-04-21 01:00:00,1.5,2991.739,191.9,34.627
4115,2015-04-21 02:00:00,1.0,2589.684,147.3,29.973
4116,2015-04-21 03:00:00,1.5,2260.329,101.8,26.161
4117,2015-04-21 04:00:00,2.0,2024.288,81.8,23.429
4118,2015-04-21 05:00:00,2.0,1918.591,72.1,22.206
4119,2015-04-21 06:00:00,2.5,1878.613,63.8,21.743
4120,2015-04-21 07:00:00,3.0,1877.744,59.7,21.733
4121,2015-04-21 08:00:00,2.0,2063.554,65.3,23.884
4122,2015-04-21 09:00:00,1.0,2335.603,70.1,27.032
4123,2015-04-21 10:00:00,0.0,2674.314,85.5,30.953
4124,2015-04-21 11:00:00,0.5,2802.923,87.5,32.441
4125,2015-04-21 12:00:00,0.0,2620.533,83.0,30.33
4126,2015-04-21 13:00:00,0.0,2359.845,76.5,27.313
4127,2015-04-21 14:00:00,0.0,2059.457,64.9,23.836
4128,2015-04-21 15:00:00,0.0,1880.826,55.9,21.769
4129,2015-04-21 16:00:00,0.0,1670.03,51.1,19.329
4130,2015-04-21 17:00:00,0.0,1492.029,52.1,17.269
4131,2015-04-21 18:00:00,2.5,1429.615,47.2,16.546
4132,2015-04-21 19:00:00,2.0,1292.261,48.6,14.957
4133,2015-04-21 20:00:00,1.5,1227.742,47.8,14.21
4134,2015-04-21 21:00:00,0.0,1425.975,46.5,16.504
4135,2015-04-21 22:00:00,0.0,1412.437,42.8,16.348
4136,2015-04-21 23:00:00,0.0,1493.063,46.2,17.281
4137,2015-04-22 00:00:00,0.5,1313.113,42.4,15.198
4138,2015-04-22 01:00:00,0.5,1244.193,42.5,14.4
4139,2015-04-22 02:00:00,1.5,1204.474,39.7,13.941
4140,2015-04-22 03:00:00,0.5,1241.613,35.3,14.371
4141,2015-04-22 04:00:00,3.5,1227.211,32.7,14.204
4142,2015-04-22 05:00:00,1.0,1478.94,38.4,17.117
4143,2015-04-22 06:00:00,0.0,1764.987,45.3,20.428
4144,2015-04-22 07:00:00,0.0,2054.844,57.0,23.783
4145,2015-04-22 08:00:00,0.5,2044.359,50.3,23.662
4146,2015-04-22 09:00:00,0.5,1828.531,43.4,21.164
4147,2015-04-22 10:00:00,1.0,1658.071,36.5,19.191
4148,2015-04-22 11:00:00,0.5,1552.773,34.3,17.972
4149,2015-04-22 12:00:00,0.5,1463.67,30.0,16.941
4150,2015-04-22 13:00:00,0.0,1585.107,30.1,18.346
4151,2015-04-22 14:00:00,0.5,1625.002,29.5,18.808
4152,2015-04-22 15:00:00,0.5,1926.803,38.5,22.301
4153,2015-04-22 16:00:00,1.0,2163.284,49.3,25.038
4154,2015-04-22 17:00:00,0.0,2207.215,49.1,25.546
4155,2015-04-22 18:00:00,0.0,2147.057,50.4,24.85
4156,2015-04-22 19:00:00,0.5,1843.97,42.2,21.342
4157,2015-04-22 20:00:00,2.5,1768.196,35.4,20.465
4158,2015-04-22 21:00:00,3.0,1669.02,31.9,19.317
4159,2015-04-22 22:00:00,2.0,1644.628,32.0,19.035
4160,2015-04-22 23:00:00,2.5,1860.377,34.7,21.532
4161,2015-04-23 00:00:00,1.0,2215.141,45.5,25.638
4162,2015-04-23 01:00:00,2.5,2508.038,60.5,29.028
4163,2015-04-23 02:00:00,0.0,2733.434,66.0,31.637
4164,2015-04-23 03:00:00,0.0,2727.638,54.6,31.57
4165,2015-04-23 04:00:00,1.0,2600.784,48.0,30.102
4166,2015-04-23 05:00:00,0.5,2390.793,39.9,27.671
4167,2015-04-23 06:00:00,1.0,2179.316,38.8,25.224
4168,2015-04-23 07:00:00,0.0,2044.637,35.1,23.665
4169,2015-04-23 08:00:00,0.0,2022.123,31.3,23.404
4170,2015-04-23 09:00:00,0.0,1831.157,30.2,21.194
4171,2015-04-23 10:00:00,0.0,1697.251,29.6,19.644
4172,2015-04-23 11:00:00,0.0,1528.438,28.8,17.69
4173,2015-04-23 12:00:00,0.0,1332.639,28.0,15.424
4174,2015-04-23 13:00:00,0.0,1226.764,27.5,14.199
4175,2015-04-23 14:00:00,0.0,1047.178,28.4,12.12
4176,2015-04-23 15:00:00,0.0,975.653,28.6,11.292
4177,2015-04-23 16:00:00,0.0,929.562,26.8,10.759
4178,2015-04-23 17:00:00,0.0,767.174,26.2,8.879
4179,2015-04-23 18:00:00,0.0,757.186,26.9,8.764
4180,2015-04-23 19:00:00,0.0,706.087,25.4,8.172
4181,2015-04-23 20:00:00,0.0,614.422,25.4,7.111
4182,2015-04-23 21:00:00,0.0,640.278,24.5,7.411
4183,2015-04-23 22:00:00,0.0,536.358,22.7,6.208
4184,2015-04-23 23:00:00,0.0,508.656,21.1,5.887
4185,2015-04-24 00:00:00,0.0,515.037,21.5,5.961
4186,2015-04-24 01:00:00,0.0,454.441,20.5,5.26
4187,2015-04-24 02:00:00,0.0,442.684,19.3,5.124
4188,2015-04-24 03:00:00,0.0,433.422,19.8,5.016
4189,2015-04-24 04:00:00,0.0,407.303,17.7,4.714
4190,2015-04-24 05:00:00,0.0,374.409,16.8,4.333
4191,2015-04-24 06:00:00,0.0,382.175,16.4,4.423
4192,2015-04-24 07:00:00,0.0,368.482,16.1,4.265
4193,2015-04-24 08:00:00,0.0,332.515,15.7,3.849
4194,2015-04-24 09:00:00,0.0,358.994,15.8,4.155
4195,2015-04-24 10:00:00,0.0,301.848,15.4,3.494
4196,2015-04-24 11:00:00,0.0,294.201,14.1,3.405
4197,2015-04-24 12:00:00,0.0,284.209,14.2,3.289
4198,2015-04-24 13:00:00,0.0,272.377,14.3,3.153
4199,2015-04-24 14:00:00,0.0,273.677,13.5,3.168
4200,2015-04-24 15:00:00,0.0,252.474,13.5,2.922
4201,2015-04-24 16:00:00,0.0,250.93,13.1,2.904
4202,2015-04-24 17:00:00,0.0,249.351,12.8,2.886
4203,2015-04-24 18:00:00,0.0,219.077,14.6,2.536
4204,2015-04-24 19:00:00,0.0,217.473,14.6,2.517
4205,2015-04-24 20:00:00,0.0,208.56,13.5,2.414
4206,2015-04-24 21:00:00,0.0,185.693,13.3,2.149
4207,2015-04-24 22:00:00,0.0,197.569,12.4,2.287
4208,2015-04-24 23:00:00,0.0,193.918,11.9,2.244
4209,2015-04-25 00:00:00,0.0,174.364,12.1,2.018
4210,2015-05-14 15:00:00,0.0,33.336,3.8,0.386
4211,2015-05-14 16:00:00,0.0,34.916,4.1,0.404
4212,2015-05-14 17:00:00,0.0,35.34,3.8,0.409
4213,2015-05-14 18:00:00,0.0,34.27,3.1,0.397
10260,2016-01-21 17:00:00,24.0,7.809,9.8,0.09
10261,2016-01-21 18:00:00,6.0,12.866,28.3,0.149
10262,2016-01-21 19:00:00,5.0,16.578,16.5,0.192
10263,2016-01-21 20:00:00,0.0,488.186,132.9,5.65
10264,2016-01-21 21:00:00,0.0,1241.168,221.3,14.365
10265,2016-01-21 22:00:00,0.0,791.482,110.4,9.161
10266,2016-01-21 23:00:00,0.0,513.686,67.7,5.945
10267,2016-01-22 00:00:00,0.0,260.114,51.9,3.011
10268,2016-01-22 01:00:00,0.0,136.781,42.6,1.583
10269,2016-01-22 02:00:00,0.0,98.734,34.6,1.143
10270,2016-01-22 03:00:00,0.0,95.825,29.1,1.109
10271,2016-01-22 04:00:00,0.0,81.482,26.3,0.943
10272,2016-01-22 05:00:00,0.0,57.898,24.0,0.67
10273,2016-01-22 06:00:00,0.0,50.119,22.9,0.58
10274,2016-01-22 07:00:00,0.5,54.699,24.2,0.633
10275,2016-01-22 08:00:00,0.0,43.878,26.4,0.508
10276,2016-01-22 09:00:00,0.0,37.061,28.3,0.429
10277,2016-01-22 10:00:00,0.0,34.886,29.8,0.404
10278,2016-01-22 11:00:00,0.0,34.758,33.2,0.402
10279,2016-01-22 12:00:00,0.0,33.916,43.5,0.393
10280,2016-01-22 13:00:00,1.5,31.166,49.0,0.361
10281,2016-01-22 14:00:00,3.5,31.16,42.4,0.361
10282,2016-01-22 15:00:00,2.0,31.316,28.3,0.362
10283,2016-01-22 16:00:00,8.0,30.524,20.6,0.353
10284,2016-01-22 17:00:00,0.5,34.05,20.0,0.394
10285,2016-01-22 18:00:00,3.0,102.222,24.7,1.183
10286,2016-01-22 19:00:00,0.0,579.292,121.5,6.705
10287,2016-01-22 20:00:00,0.0,1229.881,123.3,14.235
10288,2016-01-22 21:00:00,0.0,746.937,90.2,8.645
10289,2016-01-22 22:00:00,0.0,551.38,67.6,6.382
10290,2016-01-22 23:00:00,0.0,400.048,63.8,4.63
10291,2016-01-23 00:00:00,0.0,407.808,81.5,4.72
10292,2016-01-23 01:00:00,0.0,362.985,74.6,4.201
10293,2016-01-23 02:00:00,0.0,311.752,48.5,3.608
10294,2016-01-23 03:00:00,0.0,260.096,40.0,3.01
10295,2016-01-23 04:00:00,0.0,179.549,35.3,2.078
10296,2016-01-23 05:00:00,0.0,153.896,27.7,1.781
10297,2016-01-23 06:00:00,0.0,145.209,22.8,1.681
10298,2016-01-23 07:00:00,0.0,121.381,21.0,1.405
10299,2016-01-23 08:00:00,0.0,110.213,18.0,1.276
10300,2016-01-23 09:00:00,0.0,107.509,15.5,1.244
10301,2016-01-23 10:00:00,0.0,98.442,14.1,1.139
10302,2016-01-23 11:00:00,0.0,91.932,12.9,1.064
10303,2016-01-23 12:00:00,0.0,81.641,12.2,0.945
10304,2016-01-23 13:00:00,0.0,79.171,11.4,0.916
10305,2016-01-23 14:00:00,0.0,79.395,10.9,0.919
10306,2016-01-23 15:00:00,0.0,72.263,10.1,0.836
10307,2016-01-23 16:00:00,0.0,82.686,9.8,0.957
10308,2016-01-23 17:00:00,0.0,71.37,9.1,0.826
10309,2016-01-23 18:00:00,0.0,57.778,8.8,0.669
10310,2016-01-23 19:00:00,0.0,60.729,8.7,0.703
10311,2016-01-23 20:00:00,0.0,64.64,8.5,0.748
10312,2016-01-23 21:00:00,0.0,54.533,8.5,0.631
10313,2016-01-23 22:00:00,0.0,55.161,8.6,0.638
10314,2016-01-23 23:00:00,0.0,59.718,8.1,0.691
10315,2016-01-24 00:00:00,0.0,49.705,7.2,0.575
10316,2016-01-24 01:00:00,0.0,44.88,6.7,0.519
10317,2016-01-24 02:00:00,0.0,50.906,6.9,0.589
10318,2016-01-24 03:00:00,0.0,44.405,6.4,0.514
10319,2016-01-24 04:00:00,0.0,39.799,6.1,0.461
10320,2016-01-24 05:00:00,0.0,46.438,6.2,0.537
10321,2016-01-24 06:00:00,0.0,42.836,6.0,0.496
10322,2016-01-24 07:00:00,0.0,37.413,6.3,0.433
10323,2016-01-24 08:00:00,0.0,40.169,5.9,0.465
10324,2016-01-24 09:00:00,0.0,39.506,5.3,0.457
10325,2016-01-24 10:00:00,0.0,34.405,5.1,0.398
10326,2016-01-24 11:00:00,0.0,37.595,5.4,0.435
10327,2016-01-24 12:00:00,0.0,39.138,5.0,0.453
10328,2016-01-24 13:00:00,0.0,35.669,4.6,0.413
10329,2016-01-24 14:00:00,0.0,35.668,4.6,0.413
10330,2016-01-24 15:00:00,0.0,36.933,4.6,0.427
10331,2016-01-24 16:00:00,0.0,38.337,4.7,0.444
10332,2016-01-24 17:00:00,0.0,38.435,4.5,0.445
10333,2016-01-24 18:00:00,0.0,37.853,4.5,0.438
10334,2016-01-24 19:00:00,0.0,35.866,4.1,0.415
10335,2016-01-24 20:00:00,0.0,34.663,4.2,0.401
10336,2016-01-24 21:00:00,0.0,33.079,4.2,0.383
10337,2016-01-24 22:00:00,0.0,31.502,4.4,0.365
10338,2016-01-24 23:00:00,0.0,31.259,4.3,0.362
10445,2016-01-29 10:00:00,0.0,16.943,3.9,0.196
10446,2016-01-29 11:00:00,9.0,16.305,3.6,0.189
10447,2016-01-29 12:00:00,13.0,21.879,31.9,0.253
10448,2016-01-29 13:00:00,0.0,215.016,71.0,2.489
10449,2016-01-29 14:00:00,0.0,920.956,606.1,10.659
10450,2016-01-29 15:00:00,0.0,714.694,453.8,8.272
10451,2016-01-29 16:00:00,0.0,474.847,153.4,5.496
10452,2016-01-29 17:00:00,0.0,179.362,90.3,2.076
10453,2016-01-29 18:00:00,1.0,106.985,67.2,1.238
10454,2016-01-29 19:00:00,0.0,83.26,51.6,0.964
10455,2016-01-29 20:00:00,0.0,64.969,44.3,0.752
10456,2016-01-29 21:00:00,0.0,53.438,36.7,0.618
10457,2016-01-29 22:00:00,0.0,53.797,32.7,0.623
10458,2016-01-29 23:00:00,0.5,48.403,28.9,0.56
10459,2016-01-30 00:00:00,1.5,41.472,25.8,0.48
10460,2016-01-30 01:00:00,0.0,39.723,26.6,0.46
10461,2016-01-30 02:00:00,0.0,38.065,26.7,0.441
10462,2016-01-30 03:00:00,0.0,35.184,23.1,0.407
10463,2016-01-30 04:00:00,0.0,31.691,19.8,0.367
10464,2016-01-30 05:00:00,0.0,32.316,18.6,0.374
10465,2016-01-30 06:00:00,0.0,33.852,17.5,0.392
10466,2016-01-30 07:00:00,0.5,35.339,16.0,0.409
10467,2016-01-30 08:00:00,0.0,33.44,14.8,0.387
10468,2016-01-30 09:00:00,0.0,30.549,13.6,0.354
10469,2016-01-30 10:00:00,0.0,27.558,12.4,0.319
13494,2016-06-04 11:00:00,3.5,10.323,4.6,0.119
13495,2016-06-04 12:00:00,4.0,10.034,4.2,0.116
13496,2016-06-04 13:00:00,3.5,26.582,25.8,0.308
13497,2016-06-04 14:00:00,2.5,107.024,99.8,1.239
13498,2016-06-04 15:00:00,0.5,221.077,138.0,2.559
13499,2016-06-04 16:00:00,1.5,355.521,152.2,4.115
13500,2016-06-04 17:00:00,3.0,423.052,120.3,4.896
13501,2016-06-04 18:00:00,4.0,379.982,78.4,4.398
13502,2016-06-04 19:00:00,0.0,248.752,67.5,2.879
13503,2016-06-04 20:00:00,0.0,191.124,61.5,2.212
13504,2016-06-04 21:00:00,1.0,169.746,55.7,1.965
13505,2016-06-04 22:00:00,1.0,157.433,68.2,1.822
13506,2016-06-04 23:00:00,2.0,137.639,85.9,1.593
13507,2016-06-05 00:00:00,2.0,103.497,105.3,1.198
13508,2016-06-05 01:00:00,4.0,87.814,103.5,1.016
13509,2016-06-05 02:00:00,2.0,96.926,72.2,1.122
13510,2016-06-05 03:00:00,1.0,163.434,61.7,1.892
13511,2016-06-05 04:00:00,1.5,313.107,67.0,3.624
13512,2016-06-05 05:00:00,1.0,462.618,73.8,5.354
13513,2016-06-05 06:00:00,1.0,437.831,58.4,5.067
13514,2016-06-05 07:00:00,2.5,395.736,49.6,4.58
13515,2016-06-05 08:00:00,2.5,350.726,49.6,4.059
13516,2016-06-05 09:00:00,2.0,332.858,52.6,3.853
13517,2016-06-05 10:00:00,0.5,324.55,55.1,3.756
13518,2016-06-05 11:00:00,0.5,346.025,49.9,4.005
13519,2016-06-05 12:00:00,1.0,377.488,40.9,4.369
13520,2016-06-05 13:00:00,0.5,332.83,33.3,3.852
13521,2016-06-05 14:00:00,1.0,265.882,28.6,3.077
13522,2016-06-05 15:00:00,1.5,223.404,26.3,2.586
13523,2016-06-05 16:00:00,2.0,196.469,25.5,2.274
13524,2016-06-05 17:00:00,4.5,182.658,25.3,2.114
13525,2016-06-05 18:00:00,4.0,210.844,26.7,2.44
13526,2016-06-05 19:00:00,1.5,328.44,33.2,3.801
13527,2016-06-05 20:00:00,1.5,613.881,68.9,7.105
13528,2016-06-05 21:00:00,0.5,861.554,110.3,9.972
13529,2016-06-05 22:00:00,1.0,923.457,97.8,10.688
13530,2016-06-05 23:00:00,0.0,911.588,86.8,10.551
13531,2016-06-06 00:00:00,0.5,814.194,88.5,9.424
13532,2016-06-06 01:00:00,0.0,670.278,76.1,7.758
13533,2016-06-06 02:00:00,0.0,597.968,55.5,6.921
13534,2016-06-06 03:00:00,0.5,458.497,45.2,5.307
13535,2016-06-06 04:00:00,0.0,528.404,42.0,6.116
13536,2016-06-06 05:00:00,0.0,421.605,37.1,4.88
13537,2016-06-06 06:00:00,0.0,336.189,32.6,3.891
13538,2016-06-06 07:00:00,0.0,281.568,29.6,3.259
13539,2016-06-06 08:00:00,0.0,230.537,28.8,2.668
13540,2016-06-06 09:00:00,0.0,188.308,27.3,2.179
13541,2016-06-06 10:00:00,0.0,157.698,23.5,1.825
13542,2016-06-06 11:00:00,0.0,133.513,20.7,1.545
13543,2016-06-06 12:00:00,0.0,115.241,18.5,1.334
13544,2016-06-06 13:00:00,0.0,102.33,16.8,1.184
13545,2016-06-06 14:00:00,0.0,91.801,15.9,1.063
13546,2016-06-06 15:00:00,0.0,87.985,14.8,1.018
13547,2016-06-06 16:00:00,0.0,88.978,13.9,1.03
13548,2016-06-06 17:00:00,0.0,86.083,13.5,0.996
13549,2016-06-06 18:00:00,0.0,86.652,13.1,1.003
13550,2016-06-06 19:00:00,0.0,83.368,12.7,0.965
13551,2016-06-06 20:00:00,0.0,76.225,12.3,0.882
13552,2016-06-06 21:00:00,0.0,71.083,11.9,0.823
13553,2016-06-06 22:00:00,0.0,65.709,11.1,0.761
13554,2016-06-06 23:00:00,0.0,61.997,10.2,0.718
13555,2016-06-07 00:00:00,0.0,57.159,9.6,0.662
13556,2016-06-07 01:00:00,0.0,56.03,9.2,0.648
13557,2016-06-07 02:00:00,0.0,54.143,8.7,0.627
13558,2016-06-07 03:00:00,0.0,50.47,8.4,0.584
13559,2016-06-07 04:00:00,0.0,48.845,8.1,0.565
13560,2016-06-07 05:00:00,0.0,47.789,7.9,0.553
13561,2016-06-07 06:00:00,0.0,45.304,7.6,0.524
13562,2016-06-07 07:00:00,0.0,43.331,7.4,0.502
13563,2016-06-07 08:00:00,0.5,42.162,6.7,0.488
13564,2016-06-07 09:00:00,0.0,40.361,6.4,0.467
13565,2016-06-07 10:00:00,0.0,38.601,6.0,0.447
13566,2016-06-07 11:00:00,0.0,37.616,5.8,0.435
13567,2016-06-07 12:00:00,0.5,36.288,5.3,0.42
13568,2016-06-07 13:00:00,0.0,35.338,5.2,0.409
13569,2016-06-07 14:00:00,0.0,34.839,5.2,0.403
13570,2016-06-07 15:00:00,0.0,34.343,5.0,0.397
13571,2016-06-07 16:00:00,0.0,34.281,5.0,0.397
13572,2016-06-07 17:00:00,0.0,34.1,5.0,0.395
13857,2016-06-19 14:00:00,3.0,17.886,7.5,0.207
13858,2016-06-19 15:00:00,3.5,18.471,8.3,0.214
13859,2016-06-19 16:00:00,3.0,19.986,9.2,0.231
13860,2016-06-19 17:00:00,1.0,120.467,28.9,1.394
13861,2016-06-19 18:00:00,1.0,358.7,85.2,4.152
13862,2016-06-19 19:00:00,4.0,548.11,77.8,6.344
13863,2016-06-19 20:00:00,2.5,563.236,63.9,6.519
13864,2016-06-19 21:00:00,0.5,526.54,67.0,6.094
13865,2016-06-19 22:00:00,1.0,769.577,63.5,8.907
13866,2016-06-19 23:00:00,0.5,1049.121,60.0,12.143
13867,2016-06-20 00:00:00,0.0,1097.828,56.6,12.706
13868,2016-06-20 01:00:00,0.0,1040.513,53.1,12.043
13869,2016-06-20 02:00:00,0.0,898.094,49.6,10.395
13870,2016-06-20 03:00:00,0.0,711.403,46.2,8.234
13871,2016-06-20 04:00:00,0.0,655.239,42.7,7.584
13872,2016-06-20 05:00:00,0.0,651.259,39.2,7.538
13873,2016-06-20 06:00:00,0.0,497.645,35.8,5.76
13874,2016-06-20 07:00:00,0.0,394.479,32.3,4.566
13875,2016-06-20 08:00:00,0.0,374.319,28.8,4.332
13876,2016-06-20 09:00:00,0.0,302.263,25.4,3.498
13877,2016-06-20 10:00:00,0.0,264.381,22.0,3.06
13878,2016-06-20 11:00:00,0.0,245.351,19.5,2.84
13879,2016-06-20 12:00:00,0.0,220.427,18.2,2.551
13880,2016-06-20 13:00:00,0.5,204.528,17.7,2.367
13881,2016-06-20 14:00:00,0.5,191.051,15.9,2.211
13882,2016-06-20 15:00:00,0.5,186.736,15.1,2.161
13883,2016-06-20 16:00:00,0.0,168.487,14.4,1.95
13884,2016-06-20 17:00:00,1.0,160.703,13.7,1.86
13885,2016-06-20 18:00:00,0.0,167.531,13.1,1.939
13886,2016-06-20 19:00:00,0.0,167.908,13.0,1.943
13887,2016-06-20 20:00:00,0.0,161.023,14.9,1.864
13888,2016-06-20 21:00:00,0.0,161.385,19.2,1.868
13889,2016-06-20 22:00:00,0.0,153.359,16.6,1.775
13890,2016-06-20 23:00:00,0.0,133.987,17.3,1.551
13891,2016-06-21 00:00:00,0.0,133.165,14.9,1.541
13892,2016-06-21 01:00:00,0.0,123.954,15.3,1.435
13893,2016-06-21 02:00:00,0.0,111.177,15.1,1.287
13894,2016-06-21 03:00:00,0.0,115.022,13.1,1.331
13895,2016-06-21 04:00:00,0.0,112.973,11.4,1.308
13896,2016-06-21 05:00:00,0.0,100.305,11.4,1.161
13897,2016-06-21 06:00:00,0.0,101.806,10.7,1.178
13898,2016-06-21 07:00:00,0.0,100.246,10.2,1.16
13899,2016-06-21 08:00:00,0.0,91.374,10.1,1.058
13900,2016-06-21 09:00:00,0.0,92.556,9.6,1.071
13901,2016-06-21 10:00:00,0.0,91.412,8.3,1.058
13902,2016-06-21 11:00:00,0.0,89.741,7.8,1.039
13903,2016-06-21 12:00:00,0.0,88.118,7.7,1.02
13904,2016-06-21 13:00:00,0.0,85.55,7.3,0.99
13905,2016-06-21 14:00:00,0.0,84.98,7.3,0.984
13906,2016-06-21 15:00:00,0.0,84.081,7.2,0.973
13907,2016-06-21 16:00:00,0.0,79.464,7.4,0.92
13908,2016-06-21 17:00:00,0.0,77.703,7.4,0.899
13909,2016-06-21 18:00:00,0.0,74.217,7.5,0.859
13910,2016-06-21 19:00:00,0.0,69.956,7.6,0.81
13911,2016-06-21 20:00:00,0.0,68.818,7.6,0.797
13912,2016-06-21 21:00:00,0.0,65.968,7.6,0.764
13913,2016-06-21 22:00:00,0.0,63.25,7.3,0.732
13914,2016-06-21 23:00:00,0.0,62.479,6.9,0.723
13915,2016-06-22 00:00:00,0.0,59.843,7.3,0.693
13916,2016-06-22 01:00:00,0.5,59.325,7.0,0.687
13917,2016-06-22 02:00:00,1.0,59.974,6.6,0.694
13918,2016-06-22 03:00:00,0.5,58.767,6.4,0.68
13919,2016-06-22 04:00:00,0.5,60.364,6.2,0.699
13920,2016-06-22 05:00:00,0.5,61.862,6.3,0.716
13921,2016-06-22 06:00:00,0.5,63.47,6.2,0.735
13922,2016-06-22 07:00:00,0.0,81.216,7.8,0.94
13923,2016-06-22 08:00:00,0.0,94.155,8.8,1.09
13924,2016-06-22 09:00:00,0.5,93.127,8.1,1.078
13925,2016-06-22 10:00:00,0.0,88.975,7.6,1.03
13926,2016-06-22 11:00:00,0.0,90.963,7.9,1.053
13927,2016-06-22 12:00:00,0.0,86.024,8.3,0.996
13928,2016-06-22 13:00:00,0.0,78.705,8.3,0.911
13929,2016-06-22 14:00:00,0.0,78.954,7.9,0.914
13930,2016-06-22 15:00:00,0.0,79.058,8.1,0.915
13931,2016-06-22 16:00:00,0.0,75.107,8.3,0.869
13932,2016-06-22 17:00:00,0.0,74.074,7.9,0.857
13933,2016-06-22 18:00:00,0.0,73.004,8.1,0.845
13934,2016-06-22 19:00:00,0.0,72.14,8.2,0.835
13935,2016-06-22 20:00:00,0.0,70.995,8.4,0.822
13936,2016-06-22 21:00:00,0.0,69.1,8.5,0.8
13937,2016-06-22 22:00:00,0.0,67.007,8.7,0.776
13938,2016-06-22 23:00:00,0.0,65.097,7.9,0.753
13939,2016-06-23 00:00:00,0.0,61.55,7.4,0.712
13940,2016-06-23 01:00:00,0.0,59.417,6.9,0.688
13941,2016-06-23 02:00:00,0.0,57.49,7.0,0.665
13942,2016-06-23 03:00:00,0.0,54.431,6.9,0.63
13943,2016-06-23 04:00:00,0.0,54.468,6.6,0.63
13944,2016-06-23 05:00:00,0.0,54.797,6.6,0.634
13945,2016-06-23 06:00:00,0.0,53.742,6.6,0.622
13946,2016-06-23 07:00:00,0.0,53.82,6.4,0.623
13947,2016-06-23 08:00:00,0.0,52.975,5.9,0.613
13948,2016-06-23 09:00:00,0.0,51.944,5.4,0.601
13949,2016-06-23 10:00:00,0.0,51.826,5.1,0.6
14592,2016-07-20 05:00:00,2.5,28.537,2.9,0.33
14593,2016-07-20 06:00:00,4.5,36.505,4.9,0.423
14594,2016-07-20 07:00:00,9.0,79.68,26.4,0.922
14595,2016-07-20 08:00:00,1.5,199.527,81.4,2.309
14596,2016-07-20 09:00:00,2.0,432.973,138.7,5.011
14597,2016-07-20 10:00:00,5.0,801.648,213.6,9.278
14598,2016-07-20 11:00:00,3.5,940.673,168.5,10.887
14599,2016-07-20 12:00:00,1.0,740.508,139.8,8.571
14600,2016-07-20 13:00:00,1.0,923.767,150.9,10.692
14601,2016-07-20 14:00:00,1.0,1144.032,138.6,13.241
14602,2016-07-20 15:00:00,0.0,1131.038,121.5,13.091
14603,2016-07-20 16:00:00,1.0,1114.96,98.5,12.905
14604,2016-07-20 17:00:00,1.5,1085.329,89.0,12.562
14605,2016-07-20 18:00:00,0.0,970.297,85.1,11.23
14606,2016-07-20 19:00:00,0.0,895.889,57.0,10.369
14607,2016-07-20 20:00:00,0.0,821.624,46.7,9.51
14608,2016-07-20 21:00:00,0.0,716.437,42.3,8.292
14609,2016-07-20 22:00:00,0.0,576.128,38.1,6.668
14610,2016-07-20 23:00:00,0.0,510.81,34.0,5.912
14611,2016-07-21 00:00:00,0.0,473.81,29.8,5.484
14612,2016-07-21 01:00:00,0.0,393.26,30.2,4.552
14613,2016-07-21 02:00:00,0.0,364.037,25.2,4.213
14614,2016-07-21 03:00:00,0.0,354.195,24.7,4.099
14615,2016-07-21 04:00:00,0.0,291.317,22.3,3.372
14616,2016-07-21 05:00:00,0.0,271.458,20.1,3.142
14617,2016-07-21 06:00:00,0.0,275.557,19.8,3.189
14618,2016-07-21 07:00:00,0.0,226.93,18.2,2.627
14619,2016-07-21 08:00:00,0.0,221.338,15.7,2.562
14620,2016-07-21 09:00:00,0.0,223.32,15.1,2.585
14621,2016-07-21 10:00:00,0.0,205.749,13.9,2.381
14622,2016-07-21 11:00:00,0.0,195.035,11.6,2.257
14623,2016-07-21 12:00:00,0.0,191.049,10.8,2.211
14624,2016-07-21 13:00:00,0.0,185.951,10.4,2.152
14625,2016-07-21 14:00:00,0.0,178.02,10.2,2.06
14626,2016-07-21 15:00:00,0.0,163.388,10.2,1.891
14627,2016-07-21 16:00:00,0.0,163.386,9.8,1.891
14628,2016-07-21 17:00:00,0.0,152.585,9.8,1.766
14629,2016-07-21 18:00:00,0.0,139.542,10.1,1.615
14630,2016-07-21 19:00:00,0.0,146.615,10.1,1.697
14631,2016-07-21 20:00:00,0.0,122.898,9.5,1.422
14632,2016-07-21 21:00:00,0.0,124.964,9.4,1.446
14633,2016-07-21 22:00:00,0.0,140.215,9.6,1.623
14634,2016-07-21 23:00:00,0.0,122.516,9.0,1.418
14635,2016-07-22 00:00:00,0.0,105.18,8.8,1.217
14636,2016-07-22 01:00:00,0.0,100.637,8.6,1.165
14637,2016-07-22 02:00:00,0.0,108.783,8.3,1.259
14638,2016-07-22 03:00:00,0.0,104.975,8.8,1.215
14639,2016-07-22 04:00:00,0.0,116.08,8.4,1.344
14640,2016-07-22 05:00:00,0.0,100.135,8.2,1.159
14641,2016-07-22 06:00:00,0.0,92.098,8.5,1.066
14642,2016-07-22 07:00:00,0.0,89.825,7.8,1.04
14643,2016-07-22 08:00:00,0.0,88.879,7.5,1.029
14644,2016-07-22 09:00:00,0.0,85.687,7.2,0.992
14645,2016-07-22 10:00:00,0.0,91.186,6.7,1.055
14646,2016-07-22 11:00:00,0.0,89.022,5.2,1.03
14647,2016-07-22 12:00:00,0.0,87.325,4.8,1.011
14648,2016-07-22 13:00:00,0.0,85.595,5.2,0.991
14649,2016-07-22 14:00:00,0.0,86.479,4.8,1.001
14650,2016-07-22 15:00:00,0.0,89.558,4.9,1.037
14651,2016-07-22 16:00:00,0.0,89.019,5.0,1.03
14652,2016-07-22 17:00:00,0.0,89.105,5.2,1.031
14653,2016-07-22 18:00:00,0.0,90.685,6.1,1.05
14654,2016-07-22 19:00:00,0.0,93.334,6.0,1.08
14655,2016-07-22 20:00:00,0.0,90.595,5.8,1.049
14656,2016-07-22 21:00:00,0.0,87.555,5.9,1.013
14657,2016-07-22 22:00:00,0.0,84.411,5.8,0.977
14658,2016-07-22 23:00:00,0.0,81.149,6.3,0.939
14659,2016-07-23 00:00:00,13.5,86.916,10.1,1.006
14660,2016-07-23 01:00:00,4.5,101.892,42.2,1.179
14661,2016-07-23 02:00:00,0.5,206.546,97.2,2.391
14662,2016-07-23 03:00:00,0.0,468.857,208.3,5.427
14663,2016-07-23 04:00:00,0.0,849.459,182.9,9.832
14664,2016-07-23 05:00:00,0.0,473.676,130.2,5.482
14665,2016-07-23 06:00:00,0.0,259.879,117.1,3.008
14666,2016-07-23 07:00:00,0.0,189.091,130.8,2.189
14667,2016-07-23 08:00:00,0.0,160.634,134.4,1.859
14668,2016-07-23 09:00:00,0.0,138.823,100.9,1.607
14669,2016-07-23 10:00:00,0.5,136.957,78.4,1.585
14670,2016-07-23 11:00:00,0.0,132.684,52.6,1.536
14671,2016-07-23 12:00:00,0.0,126.57,33.7,1.465
14672,2016-07-23 13:00:00,0.0,124.189,26.4,1.437
14673,2016-07-23 14:00:00,0.0,124.514,21.9,1.441
14674,2016-07-23 15:00:00,0.0,113.268,18.2,1.311
14675,2016-07-23 16:00:00,0.0,110.995,14.9,1.285
14676,2016-07-23 17:00:00,0.0,109.539,13.9,1.268
14677,2016-07-23 18:00:00,0.0,102.471,13.8,1.186
14678,2016-07-23 19:00:00,0.0,101.143,13.1,1.171
14679,2016-07-23 20:00:00,0.0,95.539,12.0,1.106
14680,2016-07-23 21:00:00,0.0,87.252,10.9,1.01
14681,2016-07-23 22:00:00,0.0,93.253,10.7,1.079
14682,2016-07-23 23:00:00,0.0,94.265,9.2,1.091
14683,2016-07-24 00:00:00,0.0,86.65,8.4,1.003
14684,2016-07-24 01:00:00,0.0,88.753,8.4,1.027
14685,2016-07-24 02:00:00,0.0,89.342,8.0,1.034
14686,2016-07-24 03:00:00,0.0,79.495,7.3,0.92
14687,2016-07-24 04:00:00,0.0,79.533,7.6,0.921
14688,2016-07-24 05:00:00,0.0,82.466,7.1,0.954
14689,2016-07-24 06:00:00,0.0,74.688,6.2,0.864
14690,2016-07-24 07:00:00,0.0,75.777,6.3,0.877
14691,2016-07-24 08:00:00,0.0,80.952,6.6,0.937
14692,2016-07-24 09:00:00,0.0,73.869,5.9,0.855
14693,2016-07-24 10:00:00,0.0,71.676,5.7,0.83
14694,2016-07-24 11:00:00,0.0,74.854,5.8,0.866
14695,2016-07-24 12:00:00,0.0,76.594,5.2,0.887
14696,2016-07-24 13:00:00,0.0,72.714,4.8,0.842
14697,2016-07-24 14:00:00,0.0,72.909,4.9,0.844
14698,2016-07-24 15:00:00,0.0,72.765,4.9,0.842
14699,2016-07-24 16:00:00,0.0,71.246,4.8,0.825
14700,2016-07-24 17:00:00,0.0,72.625,5.1,0.841
14701,2016-07-24 18:00:00,0.0,71.35,4.9,0.826
14702,2016-07-24 19:00:00,0.0,72.202,4.7,0.836
14703,2016-07-24 20:00:00,0.0,71.964,4.6,0.833
14704,2016-07-24 21:00:00,0.0,68.756,4.4,0.796
14705,2016-07-24 22:00:00,0.0,66.436,4.4,0.769
14706,2016-07-24 23:00:00,0.0,66.715,4.5,0.772
14707,2016-07-25 00:00:00,0.0,64.33,4.6,0.745
14708,2016-07-25 01:00:00,1.0,64.494,5.1,0.746
14709,2016-07-25 02:00:00,0.5,66.137,4.7,0.765
14710,2016-07-25 03:00:00,0.0,67.127,4.9,0.777
14711,2016-07-25 04:00:00,0.0,69.452,5.0,0.804
14712,2016-07-25 05:00:00,0.0,79.056,5.9,0.915
14713,2016-07-25 06:00:00,0.0,92.356,12.0,1.069
14714,2016-07-25 07:00:00,0.0,82.045,7.6,0.95
14715,2016-07-25 08:00:00,0.0,71.476,6.1,0.827
14716,2016-07-25 09:00:00,0.0,67.547,5.5,0.782
14717,2016-07-25 10:00:00,0.0,64.74,5.9,0.749
14718,2016-07-25 11:00:00,0.0,64.05,5.7,0.741
14719,2016-07-25 12:00:00,0.0,64.099,5.4,0.742
14720,2016-07-25 13:00:00,0.0,64.595,5.2,0.748
14721,2016-07-25 14:00:00,0.0,65.325,5.0,0.756
14722,2016-07-25 15:00:00,0.0,66.066,5.0,0.765
14723,2016-07-25 16:00:00,0.0,65.052,4.7,0.753
14724,2016-07-25 17:00:00,0.0,65.239,4.6,0.755
14725,2016-07-25 18:00:00,0.0,62.785,4.4,0.727
14726,2016-07-25 19:00:00,0.0,62.152,4.1,0.719
14727,2016-07-25 20:00:00,0.0,61.349,4.1,0.71
14728,2016-07-25 21:00:00,0.0,60.104,4.1,0.696
14729,2016-07-25 22:00:00,0.0,59.199,3.9,0.685
14730,2016-07-25 23:00:00,0.0,59.111,3.8,0.684
14731,2016-07-26 00:00:00,0.0,58.602,3.9,0.678
14732,2016-07-26 01:00:00,0.0,56.454,4.0,0.653
14733,2016-07-26 02:00:00,0.0,56.785,4.2,0.657
14734,2016-07-26 03:00:00,0.0,55.248,4.5,0.639
14735,2016-07-26 04:00:00,0.0,55.824,4.5,0.646
14736,2016-07-26 05:00:00,0.0,55.905,4.0,0.647
14737,2016-07-26 06:00:00,0.0,54.266,3.7,0.628
14738,2016-07-26 07:00:00,0.0,53.828,3.8,0.623
14739,2016-07-26 08:00:00,0.0,52.101,3.8,0.603
14740,2016-07-26 09:00:00,0.0,50.574,3.8,0.585
15646,2016-09-02 03:00:00,1.0,31.613,4.7,0.366
15647,2016-09-02 04:00:00,0.5,37.477,6.5,0.434
15648,2016-09-02 05:00:00,0.5,43.982,8.9,0.509
15649,2016-09-02 06:00:00,1.0,49.271,9.1,0.57
15650,2016-09-02 07:00:00,2.0,50.035,9.1,0.579
15651,2016-09-02 08:00:00,1.5,49.499,9.0,0.573
15652,2016-09-02 09:00:00,1.5,55.676,10.5,0.644
15653,2016-09-02 10:00:00,2.5,64.815,14.6,0.75
15654,2016-09-02 11:00:00,1.0,89.01,28.8,1.03
15655,2016-09-02 12:00:00,2.0,134.015,43.1,1.551
15656,2016-09-02 13:00:00,2.0,191.04,57.6,2.211
15657,2016-09-02 14:00:00,2.0,215.475,56.7,2.494
15658,2016-09-02 15:00:00,2.5,194.952,55.1,2.256
15659,2016-09-02 16:00:00,1.5,794.294,62.1,9.193
15660,2016-09-02 17:00:00,1.0,1599.421,75.2,18.512
15661,2016-09-02 18:00:00,2.5,2462.987,63.8,28.507
15662,2016-09-02 19:00:00,0.0,2875.709,62.8,33.284
15663,2016-09-02 20:00:00,0.5,4071.455,65.0,47.123
15664,2016-09-02 21:00:00,1.0,5192.558,62.2,60.099
15665,2016-09-02 22:00:00,0.5,5333.833,57.1,61.734
15666,2016-09-02 23:00:00,2.5,4360.223,52.1,50.466
15667,2016-09-03 00:00:00,1.5,3583.42,43.0,41.475
15668,2016-09-03 01:00:00,0.0,2579.515,35.6,29.855
15669,2016-09-03 02:00:00,4.0,1708.219,33.8,19.771
15670,2016-09-03 03:00:00,0.5,1142.829,38.9,13.227
15671,2016-09-03 04:00:00,0.0,752.435,40.2,8.709
15672,2016-09-03 05:00:00,1.0,559.058,81.0,6.471
15673,2016-09-03 06:00:00,0.0,428.953,80.8,4.965
15674,2016-09-03 07:00:00,0.0,331.722,62.0,3.839
15675,2016-09-03 08:00:00,0.0,326.864,55.1,3.783
15676,2016-09-03 09:00:00,0.0,334.67,50.5,3.873
15677,2016-09-03 10:00:00,0.0,306.062,39.5,3.542
15678,2016-09-03 11:00:00,0.0,286.699,33.8,3.318
15679,2016-09-03 12:00:00,0.0,269.517,29.2,3.119
15680,2016-09-03 13:00:00,0.0,243.937,25.0,2.823
15681,2016-09-03 14:00:00,0.0,235.453,21.9,2.725
15682,2016-09-03 15:00:00,0.0,219.698,20.0,2.543
15683,2016-09-03 16:00:00,0.0,204.842,19.0,2.371
15684,2016-09-03 17:00:00,0.0,182.649,17.9,2.114
15685,2016-09-03 18:00:00,0.0,177.966,16.8,2.06
15686,2016-09-03 19:00:00,0.0,171.211,16.6,1.982
15687,2016-09-03 20:00:00,0.0,153.149,16.1,1.773
15688,2016-09-03 21:00:00,0.0,144.86,14.5,1.677
15689,2016-09-03 22:00:00,0.0,132.1,13.8,1.529
15690,2016-09-03 23:00:00,0.0,122.708,14.0,1.42
15691,2016-09-04 00:00:00,0.0,124.186,13.0,1.437
15692,2016-09-04 01:00:00,0.0,116.85,12.6,1.352
15693,2016-09-04 02:00:00,0.0,104.95,12.4,1.215
15694,2016-09-04 03:00:00,0.0,113.687,11.4,1.316
15695,2016-09-04 04:00:00,0.0,100.038,11.1,1.158
15696,2016-09-04 05:00:00,0.0,92.177,10.9,1.067
15697,2016-09-04 06:00:00,0.0,95.23,10.7,1.102
15698,2016-09-04 07:00:00,0.0,89.526,10.2,1.036
15699,2016-09-04 08:00:00,0.0,85.871,10.2,0.994
15700,2016-09-04 09:00:00,0.0,90.64,9.0,1.049
15701,2016-09-04 10:00:00,0.0,95.988,7.7,1.111
15702,2016-09-04 11:00:00,0.0,84.712,7.6,0.98
15703,2016-09-04 12:00:00,0.0,82.629,7.6,0.956
15704,2016-09-04 13:00:00,0.0,84.114,7.5,0.974
15705,2016-09-04 14:00:00,0.0,83.089,7.3,0.962
15706,2016-09-04 15:00:00,0.0,84.063,7.2,0.973
15707,2016-09-04 16:00:00,0.0,83.219,7.4,0.963
15708,2016-09-04 17:00:00,0.0,80.696,7.5,0.934
15709,2016-09-04 18:00:00,0.0,81.576,8.2,0.944
15710,2016-09-04 19:00:00,0.0,79.827,8.0,0.924
15711,2016-09-04 20:00:00,0.0,78.102,7.9,0.904
15712,2016-09-04 21:00:00,0.0,76.401,7.9,0.884
15713,2016-09-04 22:00:00,0.0,74.723,7.9,0.865
15714,2016-09-04 23:00:00,0.0,73.068,8.1,0.846
15715,2016-09-05 00:00:00,0.0,71.437,7.8,0.827
15716,2016-09-05 01:00:00,0.0,69.829,7.5,0.808
15717,2016-09-05 02:00:00,0.0,67.601,7.4,0.782
15718,2016-09-05 03:00:00,0.0,68.395,7.5,0.792
15719,2016-09-05 04:00:00,0.0,70.004,7.4,0.81
15720,2016-09-05 05:00:00,0.0,67.403,7.4,0.78
15721,2016-09-05 06:00:00,0.0,62.578,7.4,0.724
15722,2016-09-05 07:00:00,0.0,59.802,7.4,0.692
15723,2016-09-05 08:00:00,0.0,59.067,6.4,0.684
15724,2016-09-05 09:00:00,0.0,58.482,6.3,0.677
15725,2016-09-05 10:00:00,0.0,58.748,5.6,0.68
15726,2016-09-05 11:00:00,0.0,58.851,5.6,0.681
15727,2016-09-05 12:00:00,0.0,59.368,4.9,0.687
15728,2016-09-05 13:00:00,0.0,59.24,5.4,0.686
15729,2016-09-05 14:00:00,0.0,60.496,6.4,0.7
15730,2016-09-05 15:00:00,0.0,63.017,5.2,0.729
15731,2016-09-05 16:00:00,0.0,60.286,7.5,0.698
15732,2016-09-05 17:00:00,0.0,57.543,7.4,0.666
15733,2016-09-05 18:00:00,0.0,55.403,5.8,0.641
15734,2016-09-05 19:00:00,0.0,53.949,7.4,0.624
15735,2016-09-05 20:00:00,0.0,53.303,12.9,0.617
15736,2016-09-05 21:00:00,0.0,53.989,9.6,0.625
15737,2016-09-05 22:00:00,0.0,53.298,7.2,0.617
15738,2016-09-05 23:00:00,0.0,53.22,6.4,0.616
15739,2016-09-06 00:00:00,0.0,50.854,6.6,0.589
15740,2016-09-06 01:00:00,0.0,50.332,6.5,0.583
15741,2016-09-06 02:00:00,0.0,50.468,6.4,0.584
18370,2016-12-24 15:00:00,16.5,6.215,1.8,0.072
18371,2016-12-24 16:00:00,30.5,32.803,284.6,0.38
18372,2016-12-24 17:00:00,3.5,61.539,258.2,0.712
18373,2016-12-24 18:00:00,0.0,477.24,498.7,5.524
18374,2016-12-24 19:00:00,0.0,1532.241,461.8,17.734
18375,2016-12-24 20:00:00,0.0,950.3,280.2,10.999
18376,2016-12-24 21:00:00,0.0,301.791,280.9,3.493
18377,2016-12-24 22:00:00,0.0,150.155,240.3,1.738
18378,2016-12-24 23:00:00,0.0,86.964,247.7,1.007
18379,2016-12-25 00:00:00,0.0,67.604,202.1,0.782
18380,2016-12-25 01:00:00,0.0,66.734,132.7,0.772
18381,2016-12-25 02:00:00,0.0,51.403,122.0,0.595
18382,2016-12-25 03:00:00,0.0,40.972,78.3,0.474
18383,2016-12-25 04:00:00,0.0,46.672,64.4,0.54
18384,2016-12-25 05:00:00,0.0,39.262,70.0,0.454
18385,2016-12-25 06:00:00,0.0,30.994,63.1,0.359
18386,2016-12-25 07:00:00,0.0,26.231,48.1,0.304
18387,2016-12-25 08:00:00,0.0,29.12,36.4,0.337
18388,2016-12-25 09:00:00,0.0,28.534,28.4,0.33
18389,2016-12-25 10:00:00,0.0,23.807,24.6,0.276
18390,2016-12-25 11:00:00,0.0,21.39,24.7,0.248
18391,2016-12-25 12:00:00,0.0,24.057,22.4,0.278
18392,2016-12-25 13:00:00,0.0,20.906,17.4,0.242
18393,2016-12-25 14:00:00,0.0,18.451,13.8,0.214
18394,2016-12-25 15:00:00,0.0,18.801,12.0,0.218
18395,2016-12-25 16:00:00,0.0,19.092,10.8,0.221
18396,2016-12-25 17:00:00,0.0,17.381,10.8,0.201
18397,2016-12-25 18:00:00,0.0,18.43,10.9,0.213
20459,2017-03-21 16:00:00,0.5,25.591,5.1,0.296
20460,2017-03-21 17:00:00,18.5,29.969,9.2,0.347
20461,2017-03-21 18:00:00,5.5,34.811,12.3,0.403
20462,2017-03-21 19:00:00,0.0,113.515,25.1,1.314
20463,2017-03-21 20:00:00,0.0,758.34,195.2,8.777
20464,2017-03-21 21:00:00,3.0,1013.272,182.7,11.728
20465,2017-03-21 22:00:00,0.0,474.371,157.6,5.49
20466,2017-03-21 23:00:00,1.5,366.097,166.5,4.237
20467,2017-03-22 00:00:00,0.0,591.759,114.1,6.849
20468,2017-03-22 01:00:00,2.0,628.608,87.7,7.276
20469,2017-03-22 02:00:00,2.5,455.786,79.8,5.275
20470,2017-03-22 03:00:00,0.0,837.787,113.0,9.697
20471,2017-03-22 04:00:00,0.0,1284.838,183.5,14.871
20472,2017-03-22 05:00:00,0.0,1522.037,184.5,17.616
20473,2017-03-22 06:00:00,0.0,782.564,160.2,9.057
20474,2017-03-22 07:00:00,0.0,538.215,112.6,6.229
20475,2017-03-22 08:00:00,0.0,447.754,62.3,5.182
20476,2017-03-22 09:00:00,0.0,383.998,44.5,4.444
20477,2017-03-22 10:00:00,0.0,319.763,41.4,3.701
20478,2017-03-22 11:00:00,0.0,300.19,31.2,3.474
20479,2017-03-22 12:00:00,0.0,248.553,27.3,2.877
20480,2017-03-22 13:00:00,0.0,226.034,23.9,2.616
20481,2017-03-22 14:00:00,0.5,216.354,22.0,2.504
20482,2017-03-22 15:00:00,0.0,175.415,20.7,2.03
20483,2017-03-22 16:00:00,0.0,171.102,18.2,1.98
20484,2017-03-22 17:00:00,0.0,162.784,17.3,1.884
20485,2017-03-22 18:00:00,0.0,137.209,20.0,1.588
20486,2017-03-22 19:00:00,0.0,142.408,15.6,1.648
20487,2017-03-22 20:00:00,0.0,126.673,14.3,1.466
20488,2017-03-22 21:00:00,0.0,113.409,14.1,1.313
20489,2017-03-22 22:00:00,0.0,121.34,12.9,1.404
20490,2017-03-22 23:00:00,0.0,101.749,12.6,1.178
20491,2017-03-23 00:00:00,0.0,99.4,11.7,1.15
20492,2017-03-23 01:00:00,0.5,103.008,10.7,1.192
20493,2017-03-23 02:00:00,0.0,88.361,10.3,1.023
20494,2017-03-23 03:00:00,0.0,90.465,10.0,1.047
20495,2017-03-23 04:00:00,0.0,88.772,9.2,1.027
20496,2017-03-23 05:00:00,0.0,78.267,9.3,0.906
20497,2017-03-23 06:00:00,0.0,79.839,9.1,0.924
20498,2017-03-23 07:00:00,0.0,79.929,8.4,0.925
20499,2017-03-23 08:00:00,0.0,70.936,8.3,0.821
20500,2017-03-23 09:00:00,0.0,73.104,10.4,0.846
20501,2017-03-23 10:00:00,0.0,72.696,11.5,0.841
20502,2017-03-23 11:00:00,0.0,62.667,12.2,0.725
20503,2017-03-23 12:00:00,0.0,66.826,12.0,0.773
20504,2017-03-23 13:00:00,0.0,66.976,11.7,0.775
20505,2017-03-23 14:00:00,0.0,59.724,12.3,0.691
20506,2017-03-23 15:00:00,0.5,65.009,12.4,0.752
20507,2017-03-23 16:00:00,0.5,63.513,11.4,0.735
20508,2017-03-23 17:00:00,0.0,54.842,11.7,0.635
20509,2017-03-23 18:00:00,0.0,59.557,11.7,0.689
20510,2017-03-23 19:00:00,0.0,60.164,12.8,0.696
20511,2017-03-23 20:00:00,0.0,53.877,13.1,0.624
20512,2017-03-23 21:00:00,0.0,58.944,4.8,0.682
20513,2017-03-23 22:00:00,0.5,58.79,4.2,0.68
20514,2017-03-23 23:00:00,1.0,50.364,4.8,0.583
20515,2017-03-24 00:00:00,1.5,56.029,4.8,0.648
20516,2017-03-24 01:00:00,1.0,57.499,5.1,0.665
20517,2017-03-24 02:00:00,0.0,50.86,6.3,0.589
20518,2017-03-24 03:00:00,0.0,63.038,6.0,0.73
20519,2017-03-24 04:00:00,0.0,81.572,8.0,0.944
20520,2017-03-24 05:00:00,0.5,94.235,10.2,1.091
20521,2017-03-24 06:00:00,0.0,96.398,9.4,1.116
20522,2017-03-24 07:00:00,0.0,76.258,6.6,0.883
20523,2017-03-24 08:00:00,0.5,60.69,6.9,0.702
20524,2017-03-24 09:00:00,0.0,63.293,7.0,0.733
20525,2017-03-24 10:00:00,0.0,61.969,5.7,0.717
20526,2017-03-24 11:00:00,0.0,53.395,5.3,0.618
20527,2017-03-24 12:00:00,0.0,56.526,5.0,0.654
20528,2017-03-24 13:00:00,0.0,58.91,5.1,0.682
20529,2017-03-24 14:00:00,0.0,50.525,4.8,0.585
20530,2017-03-24 15:00:00,0.0,53.169,4.7,0.615
20531,2017-03-24 16:00:00,0.0,55.381,5.0,0.641
20532,2017-03-24 17:00:00,0.0,46.769,5.2,0.541
20533,2017-03-24 18:00:00,0.0,48.501,4.1,0.561
20534,2017-03-24 19:00:00,0.0,51.396,4.3,0.595
20535,2017-03-24 20:00:00,0.0,44.933,4.0,0.52
20536,2017-03-24 21:00:00,0.0,44.388,3.4,0.514
20537,2017-03-24 22:00:00,0.0,48.922,4.5,0.566
20538,2017-03-24 23:00:00,0.0,43.693,21.0,0.506
20539,2017-03-25 00:00:00,0.0,42.477,3.1,0.492
20540,2017-03-25 01:00:00,0.0,47.304,3.0,0.548
20541,2017-03-25 02:00:00,0.0,42.732,3.8,0.495
20542,2017-03-25 03:00:00,0.0,40.445,3.9,0.468
20543,2017-03-25 04:00:00,0.0,44.855,5.3,0.519
20544,2017-03-25 05:00:00,0.0,41.547,4.5,0.481
20545,2017-03-25 06:00:00,0.0,37.953,3.5,0.439
20546,2017-03-25 07:00:00,0.0,42.058,3.7,0.487
20547,2017-03-25 08:00:00,0.0,40.045,3.0,0.463
20548,2017-03-25 09:00:00,0.0,36.36,3.9,0.421
20549,2017-03-25 10:00:00,0.0,40.188,2.5,0.465
20550,2017-03-25 11:00:00,0.0,39.519,2.4,0.457
20551,2017-03-25 12:00:00,0.0,35.599,2.9,0.412
20552,2017-03-25 13:00:00,0.0,39.478,2.4,0.457
20553,2017-03-25 14:00:00,0.0,38.959,2.5,0.451
20554,2017-03-25 15:00:00,0.0,34.137,2.5,0.395
20555,2017-03-25 16:00:00,0.0,33.459,2.3,0.387
20556,2017-03-25 17:00:00,0.5,36.59,2.4,0.423
20557,2017-03-25 18:00:00,0.0,42.544,2.5,0.492
20558,2017-03-25 19:00:00,1.0,51.584,3.6,0.597
20559,2017-03-25 20:00:00,0.5,39.679,3.0,0.459
20560,2017-03-25 21:00:00,0.0,35.416,3.1,0.41
20561,2017-03-25 22:00:00,0.0,48.138,3.8,0.557
20562,2017-03-25 23:00:00,0.0,42.405,3.1,0.491
20563,2017-03-26 00:00:00,0.0,50.56,3.8,0.585
20564,2017-03-26 01:00:00,0.0,49.547,5.2,0.573
20565,2017-03-26 02:00:00,0.0,39.314,2.7,0.455
20566,2017-03-26 03:00:00,0.0,38.324,3.0,0.444
20567,2017-03-26 04:00:00,0.0,43.568,5.0,0.504
20568,2017-03-26 05:00:00,0.0,35.724,3.6,0.413
20569,2017-03-26 06:00:00,0.0,32.911,3.7,0.381
20570,2017-03-26 07:00:00,0.0,40.033,3.6,0.463
20571,2017-03-26 08:00:00,0.0,34.954,3.4,0.405
20572,2017-03-26 09:00:00,0.0,30.689,3.2,0.355
20573,2017-03-26 10:00:00,0.0,34.059,3.1,0.394
20574,2017-03-26 11:00:00,0.0,35.663,2.7,0.413
20575,2017-03-26 12:00:00,0.0,31.269,2.6,0.362
20576,2017-03-26 13:00:00,0.0,33.141,2.4,0.384
20577,2017-03-26 14:00:00,0.0,34.81,2.3,0.403
20578,2017-03-26 15:00:00,0.0,31.274,2.4,0.362
20579,2017-03-26 16:00:00,0.0,34.212,2.6,0.396
20580,2017-03-26 17:00:00,0.0,35.423,3.1,0.41
20581,2017-03-26 18:00:00,0.0,30.835,2.5,0.357
20582,2017-03-26 19:00:00,0.0,33.625,5.8,0.389
20583,2017-03-26 20:00:00,0.0,34.73,4.6,0.402
20584,2017-03-26 21:00:00,0.0,29.381,2.5,0.34
20585,2017-03-26 22:00:00,0.0,31.222,2.6,0.361
20586,2017-03-26 23:00:00,0.0,33.097,2.7,0.383
20587,2017-03-27 00:00:00,0.0,28.546,2.9,0.33
20588,2017-03-27 01:00:00,0.0,29.905,2.8,0.346
20589,2017-03-27 02:00:00,0.0,32.556,2.3,0.377
35057,2018-11-28 06:00:00,6.5,8.024,6.4,0.093
35058,2018-11-28 07:00:00,12.0,9.717,10.2,0.112
35059,2018-11-28 08:00:00,6.0,14.193,24.9,0.164
35060,2018-11-28 09:00:00,6.5,238.235,145.1,2.757
35061,2018-11-28 10:00:00,6.5,571.961,196.2,6.62
35062,2018-11-28 11:00:00,3.5,1097.964,192.4,12.708
35063,2018-11-28 12:00:00,0.0,1040.486,132.8,12.043
35064,2018-11-28 13:00:00,5.0,974.154,131.5,11.275
35065,2018-11-28 14:00:00,12.5,922.509,118.5,10.677
35066,2018-11-28 15:00:00,4.5,655.321,111.5,7.585
35067,2018-11-28 16:00:00,2.5,923.849,174.0,10.693
35068,2018-11-28 17:00:00,1.0,1669.483,290.1,19.323
35069,2018-11-28 18:00:00,0.5,1933.173,176.7,22.375
35070,2018-11-28 19:00:00,1.0,1544.388,110.5,17.875
35071,2018-11-28 20:00:00,0.0,1293.352,92.7,14.969
35072,2018-11-28 21:00:00,0.0,1227.457,120.6,14.207
35073,2018-11-28 22:00:00,0.0,1076.796,113.7,12.463
35074,2018-11-28 23:00:00,0.0,779.898,88.3,9.027
35075,2018-11-29 00:00:00,0.0,513.825,67.5,5.947
35076,2018-11-29 01:00:00,0.0,379.272,55.0,4.39
35077,2018-11-29 02:00:00,0.0,303.855,43.8,3.517
35078,2018-11-29 03:00:00,0.0,250.907,37.1,2.904
35079,2018-11-29 04:00:00,0.0,218.997,33.5,2.535
35080,2018-11-29 05:00:00,0.0,190.239,29.2,2.202
35081,2018-11-29 06:00:00,0.0,170.815,26.4,1.977
35082,2018-11-29 07:00:00,0.0,154.993,23.1,1.794
35083,2018-11-29 08:00:00,0.0,141.83,20.6,1.642
35084,2018-11-29 09:00:00,0.0,130.247,18.1,1.507
35085,2018-11-29 10:00:00,0.0,121.788,17.3,1.41
35086,2018-11-29 11:00:00,0.0,113.782,16.0,1.317
35087,2018-11-29 12:00:00,0.0,108.679,15.5,1.258
35088,2018-11-29 13:00:00,0.0,104.118,13.6,1.205
35089,2018-11-29 14:00:00,0.0,102.324,12.7,1.184
35090,2018-11-29 15:00:00,0.0,101.818,12.4,1.178
35091,2018-11-29 16:00:00,0.0,98.996,11.8,1.146
35092,2018-11-29 17:00:00,0.0,94.499,10.7,1.094
35093,2018-11-29 18:00:00,0.0,89.135,10.1,1.032
35094,2018-11-29 19:00:00,0.0,84.145,9.8,0.974
35095,2018-11-29 20:00:00,0.0,79.813,9.6,0.924
35096,2018-11-29 21:00:00,0.0,75.793,9.3,0.877
35097,2018-11-29 22:00:00,0.0,73.261,8.8,0.848
35098,2018-11-29 23:00:00,0.0,71.108,8.0,0.823
35099,2018-11-30 00:00:00,0.0,69.364,7.9,0.803
35100,2018-11-30 01:00:00,0.0,66.99,8.3,0.775
35101,2018-11-30 02:00:00,0.0,64.022,8.0,0.741
35102,2018-11-30 03:00:00,0.0,61.332,7.8,0.71
35103,2018-11-30 04:00:00,0.0,59.146,6.9,0.685
35104,2018-11-30 05:00:00,0.0,57.859,6.7,0.67
35105,2018-11-30 06:00:00,0.0,56.927,6.2,0.659
35106,2018-11-30 07:00:00,0.0,55.63,5.9,0.644
35107,2018-11-30 08:00:00,0.0,54.108,5.4,0.626
35108,2018-11-30 09:00:00,0.0,52.252,5.5,0.605
35109,2018-11-30 10:00:00,0.0,50.086,5.2,0.58
35110,2018-11-30 11:00:00,0.0,48.813,4.9,0.565
35111,2018-11-30 12:00:00,0.0,47.902,4.6,0.554
35112,2018-11-30 13:00:00,0.0,46.592,4.2,0.539
35113,2018-11-30 14:00:00,0.0,46.073,4.1,0.533
35114,2018-11-30 15:00:00,0.0,44.847,4.2,0.519
35115,2018-11-30 16:00:00,0.0,44.111,4.1,0.511
35116,2018-11-30 17:00:00,0.0,43.157,4.1,0.5
35117,2018-11-30 18:00:00,0.0,42.143,4.2,0.488
35118,2018-11-30 19:00:00,0.0,40.414,4.7,0.468
35119,2018-11-30 20:00:00,0.0,38.839,4.8,0.45
35120,2018-11-30 21:00:00,0.0,37.372,4.5,0.433
35121,2018-11-30 22:00:00,0.0,36.045,4.2,0.417
35122,2018-11-30 23:00:00,0.0,34.782,4.3,0.403
35123,2018-12-01 00:00:00,0.0,33.644,4.0,0.389
35124,2018-12-01 01:00:00,0.0,32.657,4.2,0.378
35125,2018-12-01 02:00:00,0.0,32.342,4.1,0.374
35126,2018-12-01 03:00:00,0.0,32.03,3.9,0.371
35127,2018-12-01 04:00:00,0.0,31.751,4.0,0.367
35128,2018-12-01 05:00:00,0.0,31.046,3.9,0.359
35129,2018-12-01 06:00:00,0.0,30.26,3.9,0.35
35130,2018-12-01 07:00:00,0.0,29.842,3.4,0.345
35131,2018-12-01 08:00:00,0.0,29.487,3.0,0.341
35132,2018-12-01 09:00:00,0.0,29.315,2.8,0.339
35133,2018-12-01 10:00:00,0.0,28.907,2.4,0.335
35134,2018-12-01 11:00:00,0.0,28.415,2.6,0.329
35135,2018-12-01 12:00:00,0.0,27.663,2.6,0.32
35136,2018-12-01 13:00:00,0.0,26.97,2.4,0.312
35572,2018-12-19 17:00:00,9.0,15.416,2.5,0.178
35573,2018-12-19 18:00:00,16.0,23.167,17.5,0.268
35574,2018-12-19 19:00:00,10.0,57.012,79.2,0.66
35575,2018-12-19 20:00:00,0.0,822.322,369.6,9.518
35576,2018-12-19 21:00:00,0.0,3248.342,314.6,37.597
35577,2018-12-19 22:00:00,0.0,2155.052,192.0,24.943
35578,2018-12-19 23:00:00,0.0,1456.164,146.9,16.854
35579,2018-12-20 00:00:00,0.0,1159.191,169.2,13.417
35580,2018-12-20 01:00:00,0.0,912.891,140.5,10.566
35581,2018-12-20 02:00:00,0.0,687.079,95.5,7.952
35582,2018-12-20 03:00:00,0.0,547.976,72.2,6.342
35583,2018-12-20 04:00:00,0.0,449.74,56.5,5.205
35584,2018-12-20 05:00:00,0.0,337.916,47.5,3.911
35585,2018-12-20 06:00:00,0.0,311.485,41.6,3.605
35586,2018-12-20 07:00:00,0.0,276.05,33.8,3.195
35587,2018-12-20 08:00:00,0.0,230.024,30.2,2.662
35588,2018-12-20 09:00:00,0.0,232.038,27.9,2.686
35589,2018-12-20 10:00:00,0.0,191.357,26.4,2.215
35590,2018-12-20 11:00:00,0.0,188.939,22.8,2.187
35591,2018-12-20 12:00:00,0.0,164.562,21.5,1.905
35592,2018-12-20 13:00:00,0.0,147.368,19.1,1.706
35593,2018-12-20 14:00:00,0.0,151.954,17.1,1.759
35594,2018-12-20 15:00:00,0.0,127.601,16.9,1.477
35595,2018-12-20 16:00:00,0.0,115.763,15.1,1.34
35596,2018-12-20 17:00:00,14.5,117.557,16.3,1.361
35597,2018-12-20 18:00:00,0.0,112.179,17.9,1.298
35598,2018-12-20 19:00:00,0.0,208.67,55.9,2.415
35599,2018-12-20 20:00:00,0.0,517.846,173.7,5.994
35600,2018-12-20 21:00:00,0.0,785.29,119.9,9.089
35601,2018-12-20 22:00:00,0.0,354.477,102.5,4.103
35602,2018-12-20 23:00:00,0.0,233.185,96.6,2.699
35603,2018-12-21 00:00:00,0.0,197.454,80.5,2.285
35604,2018-12-21 01:00:00,0.0,200.126,56.5,2.316
35605,2018-12-21 02:00:00,0.0,183.149,48.7,2.12
35606,2018-12-21 03:00:00,0.0,160.767,51.3,1.861
35607,2018-12-21 04:00:00,0.0,155.868,35.2,1.804
35608,2018-12-21 05:00:00,0.0,148.057,25.5,1.714
35609,2018-12-21 06:00:00,0.0,139.3,19.9,1.612
35610,2018-12-21 07:00:00,0.0,121.683,16.7,1.408
35611,2018-12-21 08:00:00,0.0,117.136,14.8,1.356
35612,2018-12-21 09:00:00,0.0,127.455,13.8,1.475
35613,2018-12-21 10:00:00,0.0,110.047,13.1,1.274
35614,2018-12-21 11:00:00,0.0,103.08,12.3,1.193
35615,2018-12-21 12:00:00,0.0,110.087,10.6,1.274
35616,2018-12-21 13:00:00,0.0,91.267,10.5,1.056
35617,2018-12-21 14:00:00,0.0,93.862,9.9,1.086
35618,2018-12-21 15:00:00,0.0,94.939,8.8,1.099
35619,2018-12-21 16:00:00,0.0,83.856,8.9,0.971
35620,2018-12-21 17:00:00,0.0,84.953,8.6,0.983
35621,2018-12-21 18:00:00,0.0,85.883,8.0,0.994
35622,2018-12-21 19:00:00,0.0,77.387,8.0,0.896
35623,2018-12-21 20:00:00,0.0,84.869,9.0,0.982
35624,2018-12-21 21:00:00,0.0,96.146,8.7,1.113
35625,2018-12-21 22:00:00,0.0,74.636,8.0,0.864
35626,2018-12-21 23:00:00,0.0,68.354,7.8,0.791
35627,2018-12-22 00:00:00,0.0,69.629,8.4,0.806
35628,2018-12-22 01:00:00,0.0,65.203,9.4,0.755
35629,2018-12-22 02:00:00,0.0,60.164,9.1,0.696
35630,2018-12-22 03:00:00,0.0,62.668,8.1,0.725
35631,2018-12-22 04:00:00,0.0,59.313,7.3,0.686
35632,2018-12-22 05:00:00,0.0,52.86,7.0,0.612
35633,2018-12-22 06:00:00,0.0,55.425,6.5,0.641
35634,2018-12-22 07:00:00,0.0,53.509,6.2,0.619
35635,2018-12-22 08:00:00,0.0,48.101,6.0,0.557
35636,2018-12-22 09:00:00,0.0,50.672,5.4,0.586
35637,2018-12-22 10:00:00,0.0,50.012,5.2,0.579
35638,2018-12-22 11:00:00,0.5,44.838,5.2,0.519
35639,2018-12-22 12:00:00,0.0,48.25,4.8,0.558
35640,2018-12-22 13:00:00,0.0,48.669,4.4,0.563
35641,2018-12-22 14:00:00,0.0,42.274,4.4,0.489
35642,2018-12-22 15:00:00,0.0,47.835,4.3,0.554
35643,2018-12-22 16:00:00,0.0,48.556,4.3,0.562
35644,2018-12-22 17:00:00,0.0,40.806,4.3,0.472
35645,2018-12-22 18:00:00,0.0,44.114,4.2,0.511
35646,2018-12-22 19:00:00,0.0,46.769,4.1,0.541
35647,2018-12-22 20:00:00,0.0,39.015,4.4,0.452
35648,2018-12-22 21:00:00,0.0,40.3,4.1,0.466
35649,2018-12-22 22:00:00,0.0,42.596,3.8,0.493
35650,2018-12-22 23:00:00,0.0,35.983,4.4,0.416
35651,2018-12-23 00:00:00,0.0,34.941,4.4,0.404
35652,2018-12-23 01:00:00,0.0,38.909,4.2,0.45
35653,2018-12-23 02:00:00,0.0,34.956,4.0,0.405
35654,2018-12-23 03:00:00,0.0,32.533,4.1,0.377
35655,2018-12-23 04:00:00,0.0,37.167,3.9,0.43
35656,2018-12-23 05:00:00,0.0,33.825,4.1,0.391
35657,2018-12-23 06:00:00,0.0,30.29,4.1,0.351
35658,2018-12-23 07:00:00,0.0,34.226,3.8,0.396
35659,2018-12-23 08:00:00,0.0,31.856,3.7,0.369
35660,2018-12-23 09:00:00,0.0,29.097,3.7,0.337
35661,2018-12-23 10:00:00,0.0,32.597,3.3,0.377
35662,2018-12-23 11:00:00,0.0,31.167,3.0,0.361
35663,2018-12-23 12:00:00,0.0,27.866,3.2,0.323
35664,2018-12-23 13:00:00,0.0,30.868,2.9,0.357
35665,2018-12-23 14:00:00,0.0,30.127,2.8,0.349
35666,2018-12-23 15:00:00,0.0,28.057,2.9,0.325
35667,2018-12-23 16:00:00,0.0,32.444,2.8,0.376
35668,2018-12-23 17:00:00,0.0,30.734,2.7,0.356
35669,2018-12-23 18:00:00,0.0,27.64,2.8,0.32
35670,2018-12-23 19:00:00,0.0,31.942,2.9,0.37
35671,2018-12-23 20:00:00,0.0,30.401,3.1,0.352
35672,2018-12-23 21:00:00,0.0,28.084,3.6,0.325
35673,2018-12-23 22:00:00,0.0,32.156,3.7,0.372
35674,2018-12-23 23:00:00,0.0,29.827,3.8,0.345
35675,2018-12-24 00:00:00,0.0,25.418,3.6,0.294
35676,2018-12-24 01:00:00,0.0,27.216,3.6,0.315
36408,2019-01-23 13:00:00,0.0,7.904,1.7,0.091
36409,2019-01-23 14:00:00,4.5,8.395,2.2,0.097
36410,2019-01-23 15:00:00,3.0,14.923,104.1,0.173
36411,2019-01-23 16:00:00,3.0,1018.753,503.5,11.791
36412,2019-01-23 17:00:00,0.0,2123.965,280.3,24.583
36413,2019-01-23 18:00:00,0.0,836.283,195.0,9.679
36414,2019-01-23 19:00:00,0.0,387.03,149.2,4.48
36415,2019-01-23 20:00:00,0.0,216.736,109.9,2.509
36416,2019-01-23 21:00:00,0.5,157.195,87.7,1.819
36417,2019-01-23 22:00:00,0.0,117.086,68.0,1.355
36418,2019-01-23 23:00:00,0.0,96.378,55.7,1.115
36419,2019-01-24 00:00:00,0.0,76.533,46.4,0.886
36420,2019-01-24 01:00:00,0.0,67.251,37.2,0.778
36421,2019-01-24 02:00:00,0.0,58.814,31.0,0.681
36422,2019-01-24 03:00:00,0.0,47.648,25.6,0.551
36423,2019-01-24 04:00:00,0.0,45.231,22.0,0.524
36424,2019-01-24 05:00:00,0.0,42.444,19.4,0.491
36425,2019-01-24 06:00:00,0.0,37.417,16.8,0.433
36426,2019-01-24 07:00:00,0.0,33.861,14.5,0.392
36427,2019-01-24 08:00:00,0.0,35.742,12.2,0.414
36428,2019-01-24 09:00:00,0.0,32.213,11.4,0.373
36429,2019-01-24 10:00:00,0.0,27.699,10.6,0.321
36430,2019-01-24 11:00:00,0.0,28.583,9.0,0.331
36431,2019-01-24 12:00:00,0.0,26.645,8.3,0.308
36432,2019-01-24 13:00:00,0.0,30.531,7.8,0.353
36433,2019-01-24 14:00:00,0.0,26.969,7.2,0.312
36434,2019-01-24 15:00:00,0.0,20.76,6.9,0.24
36435,2019-01-24 16:00:00,0.0,21.655,6.5,0.251
36436,2019-01-24 17:00:00,0.0,22.74,6.1,0.263
36437,2019-01-24 18:00:00,0.0,18.496,6.2,0.214
45490,2020-02-06 21:00:00,0.0,4.546,14.2,0.053
45491,2020-02-06 22:00:00,0.0,34.992,25.2,0.405
45492,2020-02-06 23:00:00,0.5,31.504,19.0,0.365
45493,2020-02-07 00:00:00,0.0,23.236,13.3,0.269
45494,2020-02-07 01:00:00,0.5,18.662,10.2,0.216
45495,2020-02-07 02:00:00,0.5,17.905,10.3,0.207
45496,2020-02-07 03:00:00,0.5,16.774,10.7,0.194
45497,2020-02-07 04:00:00,0.5,14.126,10.3,0.163
45498,2020-02-07 05:00:00,1.0,11.976,9.7,0.139
45499,2020-02-07 06:00:00,0.5,11.716,9.1,0.136
45500,2020-02-07 07:00:00,1.0,12.072,8.6,0.14
45501,2020-02-07 08:00:00,1.0,12.178,8.6,0.141
45502,2020-02-07 09:00:00,0.5,16.239,9.2,0.188
45503,2020-02-07 10:00:00,1.0,21.892,12.5,0.253
45504,2020-02-07 11:00:00,1.0,26.034,10.9,0.301
45505,2020-02-07 12:00:00,1.0,23.366,8.8,0.27
45506,2020-02-07 13:00:00,1.0,28.715,10.9,0.332
45507,2020-02-07 14:00:00,1.0,37.063,11.1,0.429
45508,2020-02-07 15:00:00,0.5,35.246,9.9,0.408
45509,2020-02-07 16:00:00,0.0,34.617,9.1,0.401
45510,2020-02-07 17:00:00,0.0,31.983,8.6,0.37
45511,2020-02-07 18:00:00,1.5,26.749,8.2,0.31
45512,2020-02-07 19:00:00,0.0,27.252,9.5,0.315
45513,2020-02-07 20:00:00,0.0,28.352,9.6,0.328
45514,2020-02-07 21:00:00,0.0,23.284,8.9,0.269
45515,2020-02-07 22:00:00,0.5,19.53,7.5,0.226
45516,2020-02-07 23:00:00,1.0,18.903,8.0,0.219
45517,2020-02-08 00:00:00,0.5,18.507,7.0,0.214
45518,2020-02-08 01:00:00,0.5,17.541,7.0,0.203
45519,2020-02-08 02:00:00,0.0,23.047,7.5,0.267
45520,2020-02-08 03:00:00,0.5,22.591,7.4,0.261
45521,2020-02-08 04:00:00,1.5,21.577,7.6,0.25
45522,2020-02-08 05:00:00,1.0,23.424,7.3,0.271
45523,2020-02-08 06:00:00,1.5,22.024,6.8,0.255
45524,2020-02-08 07:00:00,1.0,21.133,6.9,0.245
45525,2020-02-08 08:00:00,2.0,24.044,7.5,0.278
45526,2020-02-08 09:00:00,0.5,26.08,7.5,0.302
45527,2020-02-08 10:00:00,0.5,32.231,9.7,0.373
45528,2020-02-08 11:00:00,0.0,41.747,12.1,0.483
45529,2020-02-08 12:00:00,2.5,43.349,12.0,0.502
45530,2020-02-08 13:00:00,1.0,48.446,14.8,0.561
45531,2020-02-08 14:00:00,1.0,47.084,11.9,0.545
45532,2020-02-08 15:00:00,2.0,47.843,14.8,0.554
45533,2020-02-08 16:00:00,4.5,63.671,17.4,0.737
45534,2020-02-08 17:00:00,0.5,65.23,24.2,0.755
45535,2020-02-08 18:00:00,2.5,119.03,47.5,1.378
45536,2020-02-08 19:00:00,3.5,134.124,45.4,1.552
45537,2020-02-08 20:00:00,1.0,206.961,73.7,2.395
45538,2020-02-08 21:00:00,0.5,296.35,74.6,3.43
45539,2020-02-08 22:00:00,1.0,310.1,65.0,3.589
45540,2020-02-08 23:00:00,1.0,374.164,71.9,4.331
45541,2020-02-09 00:00:00,0.0,301.823,51.9,3.493
45542,2020-02-09 01:00:00,0.0,287.611,45.4,3.329
45543,2020-02-09 02:00:00,1.5,252.744,41.3,2.925
45544,2020-02-09 03:00:00,1.0,265.978,35.7,3.078
45545,2020-02-09 04:00:00,1.0,216.941,31.5,2.511
45546,2020-02-09 05:00:00,1.5,232.676,28.0,2.693
45547,2020-02-09 06:00:00,1.5,346.153,31.4,4.006
45548,2020-02-09 07:00:00,2.0,364.629,35.3,4.22
45549,2020-02-09 08:00:00,3.5,542.619,54.2,6.28
45550,2020-02-09 09:00:00,8.0,515.366,48.3,5.965
45551,2020-02-09 10:00:00,11.0,659.559,61.9,7.634
45552,2020-02-09 11:00:00,12.5,942.584,106.0,10.91
45553,2020-02-09 12:00:00,10.0,1947.896,243.7,22.545
45554,2020-02-09 13:00:00,6.0,3812.156,331.4,44.122
45555,2020-02-09 14:00:00,2.5,4418.139,352.0,51.136
45556,2020-02-09 15:00:00,4.5,4709.728,315.8,54.511
45557,2020-02-09 16:00:00,2.5,4244.205,285.8,49.123
45558,2020-02-09 17:00:00,1.0,3019.319,250.9,34.946
45559,2020-02-09 18:00:00,0.0,2386.481,181.1,27.621
45560,2020-02-09 19:00:00,0.0,2125.465,132.3,24.6
45561,2020-02-09 20:00:00,1.0,1831.745,106.6,21.201
45562,2020-02-09 21:00:00,0.5,1543.756,86.5,17.868
45563,2020-02-09 22:00:00,0.0,1364.961,73.1,15.798
45564,2020-02-09 23:00:00,0.0,1352.388,60.5,15.653
45565,2020-02-10 00:00:00,0.0,1284.397,53.5,14.866
45566,2020-02-10 01:00:00,0.0,1220.919,46.7,14.131
45567,2020-02-10 02:00:00,0.0,1124.22,45.2,13.012
45568,2020-02-10 03:00:00,0.0,1036.384,41.6,11.995
45569,2020-02-10 04:00:00,0.0,995.813,38.4,11.526
45570,2020-02-10 05:00:00,0.0,929.048,34.0,10.753
45571,2020-02-10 06:00:00,0.0,782.729,34.3,9.059
45572,2020-02-10 07:00:00,0.0,747.369,30.7,8.65
45573,2020-02-10 08:00:00,0.0,646.923,30.2,7.488
45574,2020-02-10 09:00:00,0.0,490.059,30.7,5.672
45575,2020-02-10 10:00:00,0.0,411.307,27.0,4.76
45576,2020-02-10 11:00:00,0.0,348.914,25.3,4.038
45577,2020-02-10 12:00:00,0.0,328.544,23.6,3.803
45578,2020-02-10 13:00:00,0.0,324.287,21.6,3.753
45579,2020-02-10 14:00:00,0.0,272.97,19.9,3.159
45580,2020-02-10 15:00:00,0.0,261.678,17.4,3.029
45581,2020-02-10 16:00:00,0.5,250.034,16.0,2.894
45582,2020-02-10 17:00:00,0.0,216.473,15.1,2.505
45583,2020-02-10 18:00:00,3.0,209.632,14.1,2.426
45584,2020-02-10 19:00:00,0.5,192.841,13.5,2.232
45585,2020-02-10 20:00:00,0.0,177.158,12.4,2.05
45586,2020-02-10 21:00:00,0.0,179.071,11.6,2.073
45587,2020-02-10 22:00:00,0.0,217.393,13.4,2.516
45588,2020-02-10 23:00:00,0.0,193.882,11.9,2.244
45589,2020-02-11 00:00:00,0.0,190.634,12.1,2.206
45590,2020-02-11 01:00:00,0.0,173.46,12.4,2.008
45591,2020-02-11 02:00:00,0.0,156.412,11.9,1.81
45592,2020-02-11 03:00:00,0.0,149.563,11.7,1.731
45593,2020-02-11 04:00:00,0.0,136.384,11.0,1.579
45594,2020-02-11 05:00:00,0.0,127.71,10.3,1.478
45595,2020-02-11 06:00:00,0.0,120.571,9.3,1.395
45596,2020-02-11 07:00:00,0.0,112.944,9.0,1.307
45597,2020-02-11 08:00:00,0.0,106.477,8.5,1.232
45598,2020-02-11 09:00:00,0.0,118.216,7.9,1.368
45599,2020-02-11 10:00:00,0.0,101.565,7.7,1.176
45600,2020-02-11 11:00:00,0.0,96.281,7.2,1.114
45601,2020-02-11 12:00:00,0.0,96.339,6.6,1.115
45602,2020-02-11 13:00:00,0.0,85.601,6.5,0.991
45603,2020-02-11 14:00:00,0.0,92.41,6.4,1.07
45604,2020-02-11 15:00:00,0.0,90.188,6.0,1.044
45605,2020-02-11 16:00:00,0.0,76.427,6.0,0.885
45606,2020-02-11 17:00:00,0.0,79.201,5.7,0.917
45607,2020-02-11 18:00:00,0.0,79.384,5.2,0.919
45608,2020-02-11 19:00:00,0.0,68.094,5.5,0.788
45609,2020-02-11 20:00:00,2.0,69.784,5.8,0.808
45610,2020-02-11 21:00:00,1.0,71.861,5.5,0.832
45611,2020-02-11 22:00:00,0.0,63.03,5.5,0.73
45612,2020-02-11 23:00:00,0.5,63.953,5.4,0.74
45613,2020-02-12 00:00:00,0.0,69.896,5.4,0.809
45614,2020-02-12 01:00:00,0.0,78.368,6.6,0.907
45615,2020-02-12 02:00:00,0.0,113.579,7.7,1.315
45616,2020-02-12 03:00:00,0.0,89.053,6.4,1.031
45617,2020-02-12 04:00:00,0.0,63.848,5.8,0.739
45618,2020-02-12 05:00:00,0.0,63.638,5.8,0.737
45619,2020-02-12 06:00:00,0.0,67.227,5.8,0.778
45620,2020-02-12 07:00:00,0.0,56.236,5.5,0.651
45621,2020-02-12 08:00:00,0.0,55.074,5.1,0.637
45622,2020-02-12 09:00:00,0.0,59.016,4.8,0.683
45623,2020-02-12 10:00:00,0.0,54.308,4.2,0.629
45624,2020-02-12 11:00:00,0.0,50.919,4.0,0.589
45625,2020-02-12 12:00:00,0.0,54.188,3.9,0.627
45626,2020-02-12 13:00:00,0.0,50.279,3.8,0.582
45742,2020-02-17 09:00:00,5.0,29.455,4.6,0.341
45743,2020-02-17 10:00:00,25.0,34.792,8.2,0.403
45744,2020-02-17 11:00:00,4.0,56.81,18.3,0.658
45745,2020-02-17 12:00:00,0.0,481.496,195.1,5.573
45746,2020-02-17 13:00:00,0.0,1683.279,334.5,19.482
45747,2020-02-17 14:00:00,0.0,1691.599,195.6,19.579
45748,2020-02-17 15:00:00,0.0,1429.975,191.0,16.551
45749,2020-02-17 16:00:00,0.0,1053.99,256.0,12.199
45750,2020-02-17 17:00:00,0.0,753.656,321.5,8.723
45751,2020-02-17 18:00:00,0.0,555.275,247.5,6.427
45752,2020-02-17 19:00:00,0.0,367.679,141.8,4.256
45753,2020-02-17 20:00:00,0.0,309.062,102.3,3.577
45754,2020-02-17 21:00:00,0.0,283.932,77.4,3.286
45755,2020-02-17 22:00:00,0.0,216.608,61.3,2.507
45756,2020-02-17 23:00:00,0.0,206.55,46.0,2.391
45757,2020-02-18 00:00:00,0.0,203.631,40.4,2.357
45758,2020-02-18 01:00:00,0.0,157.691,36.6,1.825
45759,2020-02-18 02:00:00,0.0,164.96,29.1,1.909
45760,2020-02-18 03:00:00,0.0,161.452,26.4,1.869
45761,2020-02-18 04:00:00,0.0,128.271,23.9,1.485
45762,2020-02-18 05:00:00,0.0,142.385,20.6,1.648
45763,2020-02-18 06:00:00,0.0,133.94,17.8,1.55
45764,2020-02-18 07:00:00,0.0,112.046,17.3,1.297
45765,2020-02-18 08:00:00,0.0,120.565,15.4,1.395
45766,2020-02-18 09:00:00,0.0,111.543,14.2,1.291
45767,2020-02-18 10:00:00,0.5,95.617,14.6,1.107
45768,2020-02-18 11:00:00,0.0,101.58,13.2,1.176
45769,2020-02-18 12:00:00,0.0,99.336,12.2,1.15
45770,2020-02-18 13:00:00,0.0,85.895,12.0,0.994
45771,2020-02-18 14:00:00,0.0,94.555,11.5,1.094
45772,2020-02-18 15:00:00,0.0,92.703,10.4,1.073
45773,2020-02-18 16:00:00,0.0,75.435,10.7,0.873
45774,2020-02-18 17:00:00,0.0,80.595,10.6,0.933
45775,2020-02-18 18:00:00,0.0,82.04,10.0,0.95
45776,2020-02-18 19:00:00,0.0,68.569,9.9,0.794
45777,2020-02-18 20:00:00,0.0,69.401,10.5,0.803
45778,2020-02-18 21:00:00,5.5,72.663,10.9,0.841
45779,2020-02-18 22:00:00,1.5,69.195,9.8,0.801
45780,2020-02-18 23:00:00,0.0,86.975,13.6,1.007
45781,2020-02-19 00:00:00,0.0,403.646,106.9,4.672
45782,2020-02-19 01:00:00,0.0,1914.12,441.4,22.154
45783,2020-02-19 02:00:00,0.0,1665.758,747.1,19.28
45784,2020-02-19 03:00:00,0.0,1045.202,688.0,12.097
45785,2020-02-19 04:00:00,0.0,711.061,611.6,8.23
45786,2020-02-19 05:00:00,0.0,515.843,513.5,5.97
45787,2020-02-19 06:00:00,0.0,403.987,283.1,4.676
45788,2020-02-19 07:00:00,0.0,312.643,174.0,3.619
45789,2020-02-19 08:00:00,0.0,292.036,111.0,3.38
45790,2020-02-19 09:00:00,0.0,262.85,91.1,3.042
45791,2020-02-19 10:00:00,0.0,223.743,71.6,2.59
45792,2020-02-19 11:00:00,0.0,218.121,58.6,2.525
45793,2020-02-19 12:00:00,0.0,179.01,57.1,2.072
45794,2020-02-19 13:00:00,0.0,173.707,46.0,2.01
45795,2020-02-19 14:00:00,0.0,172.079,38.1,1.992
45796,2020-02-19 15:00:00,0.0,145.952,36.5,1.689
45797,2020-02-19 16:00:00,0.0,137.491,32.9,1.591
45798,2020-02-19 17:00:00,0.0,137.838,28.5,1.595
45799,2020-02-19 18:00:00,0.0,123.071,27.7,1.424
45800,2020-02-19 19:00:00,0.0,110.093,27.4,1.274
45801,2020-02-19 20:00:00,0.0,116.513,24.6,1.349
45802,2020-02-19 21:00:00,0.0,108.595,24.2,1.257
45803,2020-02-19 22:00:00,0.0,94.806,25.1,1.097
45804,2020-02-19 23:00:00,0.0,100.37,22.2,1.162
45805,2020-02-20 00:00:00,0.0,97.213,21.6,1.125
45806,2020-02-20 01:00:00,0.0,82.385,21.5,0.954
45807,2020-02-20 02:00:00,0.0,88.829,19.2,1.028
45808,2020-02-20 03:00:00,0.0,88.374,16.8,1.023
45809,2020-02-20 04:00:00,0.0,74.269,17.0,0.86
45810,2020-02-20 05:00:00,0.0,77.548,15.9,0.898
45811,2020-02-20 06:00:00,0.0,79.067,13.9,0.915
45812,2020-02-20 07:00:00,0.0,69.006,13.8,0.799
45813,2020-02-20 08:00:00,0.0,72.157,12.8,0.835
45814,2020-02-20 09:00:00,0.0,73.259,12.0,0.848
45815,2020-02-20 10:00:00,0.0,66.183,12.2,0.766
45816,2020-02-20 11:00:00,0.0,67.446,11.5,0.781
45817,2020-02-20 12:00:00,0.0,71.909,10.5,0.832
45818,2020-02-20 13:00:00,0.0,64.396,10.2,0.745
45819,2020-02-20 14:00:00,0.0,65.147,10.2,0.754
45820,2020-02-20 15:00:00,0.0,71.215,9.6,0.824
45821,2020-02-20 16:00:00,0.0,63.823,9.3,0.739
45822,2020-02-20 17:00:00,0.0,64.949,9.4,0.752
45823,2020-02-20 18:00:00,0.0,68.633,9.7,0.794
45824,2020-02-20 19:00:00,0.0,60.104,9.9,0.696
45825,2020-02-20 20:00:00,0.0,54.606,10.7,0.632
45826,2020-02-20 21:00:00,0.0,57.689,10.7,0.668
45827,2020-02-20 22:00:00,0.0,52.185,10.7,0.604
45828,2020-02-20 23:00:00,0.0,46.211,10.4,0.535
45829,2020-02-21 00:00:00,0.0,50.677,9.3,0.587
45830,2020-02-21 01:00:00,0.0,48.695,9.4,0.564
45831,2020-02-21 02:00:00,0.0,41.706,9.2,0.483
45832,2020-02-21 03:00:00,0.0,46.512,8.8,0.538
45833,2020-02-21 04:00:00,0.0,45.52,8.8,0.527
45834,2020-02-21 05:00:00,0.0,38.672,8.8,0.448
45835,2020-02-21 06:00:00,0.0,42.836,8.2,0.496
45836,2020-02-21 07:00:00,0.0,43.408,7.8,0.502
45837,2020-02-21 08:00:00,0.0,37.452,8.1,0.433
45838,2020-02-21 09:00:00,0.0,40.768,7.0,0.472
45839,2020-02-21 10:00:00,0.0,42.488,6.3,0.492
45840,2020-02-21 11:00:00,0.0,37.45,6.2,0.433
45841,2020-02-21 12:00:00,0.0,43.275,6.1,0.501
45842,2020-02-21 13:00:00,0.0,45.863,6.0,0.531
45843,2020-02-21 14:00:00,0.0,40.231,5.9,0.466
45844,2020-02-21 15:00:00,0.0,47.151,6.3,0.546
45845,2020-02-21 16:00:00,0.0,47.233,6.1,0.547
45846,2020-02-21 17:00:00,0.0,39.343,5.7,0.455
45847,2020-02-21 18:00:00,0.0,43.9,5.8,0.508
45848,2020-02-21 19:00:00,0.0,44.446,6.2,0.514
45849,2020-02-21 20:00:00,0.0,37.551,5.9,0.435
45850,2020-02-21 21:00:00,0.0,41.112,6.4,0.476
45851,2020-02-21 22:00:00,0.0,38.799,6.6,0.449
66324,2023-12-19 23:00:00,2.5,9.466,3.6,0.11
66325,2023-12-20 00:00:00,48.5,22.873,43.9,0.265
66326,2023-12-20 01:00:00,20.5,50.732,99.8,0.587
66327,2023-12-20 02:00:00,2.5,504.887,926.2,5.844
66328,2023-12-20 03:00:00,0.0,934.665,474.3,10.818
66329,2023-12-20 04:00:00,1.5,616.177,196.7,7.132
66330,2023-12-20 05:00:00,11.5,385.406,159.5,4.461
66331,2023-12-20 06:00:00,3.0,387.941,170.1,4.49
66332,2023-12-20 07:00:00,4.0,532.572,383.2,6.164
66333,2023-12-20 08:00:00,7.0,541.423,185.9,6.266
66334,2023-12-20 09:00:00,7.5,425.648,125.2,4.926
66335,2023-12-20 10:00:00,6.5,467.989,153.6,5.417
66336,2023-12-20 11:00:00,5.0,701.035,216.3,8.114
66337,2023-12-20 12:00:00,0.5,811.921,192.7,9.397
66338,2023-12-20 13:00:00,0.0,1132.827,243.1,13.111
66339,2023-12-20 14:00:00,0.0,1025.111,264.5,11.865
66340,2023-12-20 15:00:00,0.0,778.643,159.1,9.012
66341,2023-12-20 16:00:00,0.0,651.557,103.5,7.541
66342,2023-12-20 17:00:00,0.0,544.622,83.9,6.303
66343,2023-12-20 18:00:00,0.0,495.642,70.1,5.737
66344,2023-12-20 19:00:00,0.0,449.439,65.0,5.202
66345,2023-12-20 20:00:00,0.0,400.022,57.7,4.63
66346,2023-12-20 21:00:00,0.0,380.24,50.9,4.401
66347,2023-12-20 22:00:00,0.0,319.717,55.1,3.7
66348,2023-12-20 23:00:00,0.0,263.98,56.0,3.055
66349,2023-12-21 00:00:00,0.0,245.909,45.8,2.846
66350,2023-12-21 01:00:00,0.0,213.707,41.1,2.473
66351,2023-12-21 02:00:00,0.0,211.941,35.7,2.453
66352,2023-12-21 03:00:00,0.0,196.227,31.6,2.271
66353,2023-12-21 04:00:00,0.0,179.509,28.9,2.078
66354,2023-12-21 05:00:00,0.0,185.786,26.9,2.15
66355,2023-12-21 06:00:00,0.0,166.728,24.8,1.93
66356,2023-12-21 07:00:00,0.0,162.014,25.0,1.875
66357,2023-12-21 08:00:00,0.0,151.638,24.0,1.755
66358,2023-12-21 09:00:00,0.0,154.606,22.1,1.789
66359,2023-12-21 10:00:00,0.0,140.652,48.7,1.628
66360,2023-12-21 11:00:00,0.0,123.984,34.8,1.435
66361,2023-12-21 12:00:00,0.0,138.129,25.9,1.599
66362,2023-12-21 13:00:00,0.0,124.129,19.7,1.437
66363,2023-12-21 14:00:00,0.0,117.534,18.1,1.36
66364,2023-12-21 15:00:00,0.0,135.71,17.9,1.571
66365,2023-12-21 16:00:00,0.0,117.707,18.7,1.362
66366,2023-12-21 17:00:00,0.0,108.746,18.4,1.259
66367,2023-12-21 18:00:00,0.0,123.777,21.4,1.433
66368,2023-12-21 19:00:00,0.0,109.565,16.3,1.268
66369,2023-12-21 20:00:00,0.0,99.261,16.5,1.149
66370,2023-12-21 21:00:00,0.0,110.626,16.9,1.28
66371,2023-12-21 22:00:00,0.0,101.761,14.7,1.178
66372,2023-12-21 23:00:00,0.0,89.78,16.7,1.039
66373,2023-12-22 00:00:00,0.0,97.802,15.1,1.132
66374,2023-12-22 01:00:00,0.0,95.931,14.6,1.11
66375,2023-12-22 02:00:00,0.0,84.605,14.5,0.979
66376,2023-12-22 03:00:00,0.0,91.267,15.0,1.056
66377,2023-12-22 04:00:00,0.0,92.49,12.2,1.07
66378,2023-12-22 05:00:00,0.0,80.834,12.1,0.936
66379,2023-12-22 06:00:00,0.0,81.256,13.7,0.94
66380,2023-12-22 07:00:00,0.0,86.203,11.3,0.998
66381,2023-12-22 08:00:00,0.0,78.687,11.2,0.911
66382,2023-12-22 09:00:00,0.0,71.411,11.1,0.827
66383,2023-12-22 10:00:00,0.0,75.215,10.5,0.871
66384,2023-12-22 11:00:00,0.0,74.537,10.4,0.863
66385,2023-12-22 12:00:00,0.0,66.921,9.7,0.775
66386,2023-12-22 13:00:00,0.0,73.453,10.3,0.85
66387,2023-12-22 14:00:00,0.0,74.777,8.5,0.865
66388,2023-12-22 15:00:00,0.0,65.654,8.7,0.76
66389,2023-12-22 16:00:00,0.0,71.509,8.7,0.828
66390,2023-12-22 17:00:00,0.0,70.604,8.9,0.817
66391,2023-12-22 18:00:00,0.0,60.68,8.1,0.702
66392,2023-12-22 19:00:00,0.0,62.381,9.3,0.722
66393,2023-12-22 20:00:00,0.0,63.729,9.6,0.738
66394,2023-12-22 21:00:00,0.0,56.675,8.6,0.656
66395,2023-12-22 22:00:00,0.0,55.585,8.7,0.643
66396,2023-12-22 23:00:00,0.0,60.559,8.1,0.701
66397,2023-12-23 00:00:00,0.0,55.007,7.8,0.637
66398,2023-12-23 01:00:00,0.0,54.23,7.6,0.628
66399,2023-12-23 02:00:00,0.0,59.713,8.5,0.691
66400,2023-12-23 03:00:00,0.0,54.298,8.1,0.628
66401,2023-12-23 04:00:00,0.0,52.356,7.1,0.606
66402,2023-12-23 05:00:00,0.0,55.501,8.1,0.642
66403,2023-12-23 06:00:00,0.0,50.653,7.7,0.586
66404,2023-12-23 07:00:00,0.0,46.825,8.8,0.542
66405,2023-12-23 08:00:00,0.0,50.108,7.8,0.58
66406,2023-12-23 09:00:00,0.0,48.102,9.6,0.557
66407,2023-12-23 10:00:00,0.0,43.67,12.7,0.505
66408,2023-12-23 11:00:00,0.0,47.712,9.4,0.552
66409,2023-12-23 12:00:00,0.0,47.335,10.0,0.548
66410,2023-12-23 13:00:00,0.0,45.286,9.7,0.524
66411,2023-12-23 14:00:00,0.0,51.654,9.6,0.598
66412,2023-12-23 15:00:00,0.0,48.765,8.5,0.564
66413,2023-12-23 16:00:00,0.0,44.841,11.9,0.519
66414,2023-12-23 17:00:00,0.0,48.938,12.2,0.566
66415,2023-12-23 18:00:00,0.0,46.391,11.9,0.537
66416,2023-12-23 19:00:00,0.0,40.405,8.8,0.468
