,run_id,start,end,tot_q_m3,duration_hrs,intensity_m3_hr,filter_para,sf_thresh,storm_id,q_peak,Event_filter_0.5,Event_filter_10,Event_filter_2,Event_filter_20,Event_filter_1
0,"FC = 0.98, SFT = 0.1",2014-11-24 19:00:00,2014-11-25 14:00:00,19473.61075,20,973.6805376,0.98,0.1,storm_1,0.137,0,0,0,0,0
1,"FC = 0.98, SFT = 0.1",2014-11-30 20:00:00,2014-12-02 12:00:00,77266.08758,41,1884.538721,0.98,0.1,storm_2,0.52,1,0,0,0,0
2,"FC = 0.98, SFT = 0.1",2014-12-04 20:00:00,2014-12-07 23:00:00,199550.7601,76,2625.667897,0.98,0.1,storm_3,1.095,1,0,0,0,1
3,"FC = 0.98, SFT = 0.1",2014-12-08 11:00:00,2014-12-09 18:00:00,78724.7296,32,2460.1478,0.98,0.1,storm_4,0.974,1,0,0,0,0
4,"FC = 0.98, SFT = 0.1",2014-12-10 16:00:00,2014-12-13 06:00:00,160760.7295,63,2551.757612,0.98,0.1,storm_5,1.157,1,0,0,0,1
5,"FC = 0.98, SFT = 0.1",2014-12-23 12:00:00,2014-12-24 06:00:00,17287.4978,19,909.8683053,0.98,0.1,storm_6,0.291,0,0,0,0,0
6,"FC = 0.98, SFT = 0.1",2014-12-25 17:00:00,2014-12-27 00:00:00,66681.90617,32,2083.809568,0.98,0.1,storm_7,0.544,1,0,0,0,0
7,"FC = 0.98, SFT = 0.1",2015-01-02 18:00:00,2015-01-03 16:00:00,18654.79662,23,811.0781138,0.98,0.1,storm_8,0.2,0,0,0,0,0
8,"FC = 0.98, SFT = 0.1",2015-01-04 17:00:00,2015-01-06 20:00:00,367256.24,52,7062.620001,0.98,0.1,storm_9,2.813,1,0,1,0,1
9,"FC = 0.98, SFT = 0.1",2015-01-10 01:00:00,2015-01-13 12:00:00,150699.6725,84,1794.04372,0.98,0.1,storm_10,0.965,1,0,0,0,0
10,"FC = 0.98, SFT = 0.1",2015-01-14 04:00:00,2015-01-15 05:00:00,19736.56462,26,759.0986392,0.98,0.1,storm_11,0.475,0,0,0,0,0
11,"FC = 0.98, SFT = 0.1",2015-01-24 18:00:00,2015-01-25 07:00:00,12140.97372,14,867.2124084,0.98,0.1,storm_12,0.203,0,0,0,0,0
12,"FC = 0.98, SFT = 0.1",2015-01-27 13:00:00,2015-01-29 15:00:00,54969.3111,51,1077.829629,0.98,0.1,storm_13,0.489,0,0,0,0,0
13,"FC = 0.98, SFT = 0.1",2015-02-02 00:00:00,2015-02-02 20:00:00,15698.24982,21,747.5357059,0.98,0.1,storm_14,0.133,0,0,0,0,0
14,"FC = 0.98, SFT = 0.1",2015-02-12 22:00:00,2015-02-13 22:00:00,36631.56391,25,1465.262556,0.98,0.1,storm_15,0.133,0,0,0,0,0
15,"FC = 0.98, SFT = 0.1",2015-02-14 19:00:00,2015-02-15 06:00:00,9954.985924,12,829.5821603,0.98,0.1,storm_16,0.515,1,0,0,0,0
16,"FC = 0.98, SFT = 0.1",2015-03-01 17:00:00,2015-03-03 00:00:00,68436.41369,32,2138.637928,0.98,0.1,storm_17,0.632,1,0,0,0,0
17,"FC = 0.98, SFT = 0.1",2015-03-24 15:00:00,2015-03-25 11:00:00,42720.40721,21,2034.305105,0.98,0.1,storm_18,0.447,0,0,0,0,0
18,"FC = 0.98, SFT = 0.1",2015-04-03 15:00:00,2015-04-05 13:00:00,76912.27731,47,1636.431432,0.98,0.1,storm_19,0.673,1,0,0,0,0
19,"FC = 0.98, SFT = 0.1",2015-04-17 04:00:00,2015-04-18 01:00:00,29636.31192,22,1347.105087,0.98,0.1,storm_20,0.437,0,0,0,0,0
20,"FC = 0.98, SFT = 0.1",2015-04-18 23:00:00,2015-04-19 17:00:00,30791.82394,19,1620.622313,0.98,0.1,storm_21,0.437,0,0,0,0,0
21,"FC = 0.98, SFT = 0.1",2015-04-20 04:00:00,2015-05-14 18:00:00,5223887.539,121,43172.62429,0.98,0.1,storm_22,22.711,1,1,1,1,1
22,"FC = 0.98, SFT = 0.1",2015-05-19 19:00:00,2015-05-21 09:00:00,37392.27057,39,958.7761684,0.98,0.1,storm_23,0.515,1,0,0,0,0
23,"FC = 0.98, SFT = 0.1",2015-05-22 17:00:00,2015-05-23 05:00:00,5948.696407,13,457.5920313,0.98,0.1,storm_24,0.425,0,0,0,0,0
24,"FC = 0.98, SFT = 0.1",2015-06-16 14:00:00,2015-06-17 12:00:00,24703.02478,23,1074.044556,0.98,0.1,storm_25,0.386,0,0,0,0,0
25,"FC = 0.98, SFT = 0.1",2015-06-17 16:00:00,2015-06-18 08:00:00,15498.8826,17,911.6989764,0.98,0.1,storm_26,0.401,0,0,0,0,0
26,"FC = 0.98, SFT = 0.1",2015-06-19 12:00:00,2015-06-20 00:00:00,6485.375583,13,498.8750448,0.98,0.1,storm_27,0.432,0,0,0,0,0
27,"FC = 0.98, SFT = 0.1",2015-07-10 18:00:00,2015-07-11 05:00:00,10791.15531,12,899.2629427,0.98,0.1,storm_28,0.242,0,0,0,0,0
28,"FC = 0.98, SFT = 0.1",2015-07-11 21:00:00,2015-07-14 04:00:00,62898.15356,56,1123.181314,0.98,0.1,storm_29,0.677,1,0,0,0,0
29,"FC = 0.98, SFT = 0.1",2015-07-16 14:00:00,2015-07-19 04:00:00,63682.79243,63,1010.837975,0.98,0.1,storm_30,0.606,1,0,0,0,0
30,"FC = 0.98, SFT = 0.1",2015-08-23 10:00:00,2015-08-24 08:00:00,16733.82679,23,727.5576867,0.98,0.1,storm_31,0.251,0,0,0,0,0
31,"FC = 0.98, SFT = 0.1",2015-08-24 11:00:00,2015-08-26 11:00:00,50571.52902,49,1032.072021,0.98,0.1,storm_32,0.509,1,0,0,0,0
32,"FC = 0.98, SFT = 0.1",2015-08-26 15:00:00,2015-08-27 03:00:00,6095.774881,13,468.9057601,0.98,0.1,storm_33,0.509,1,0,0,0,0
33,"FC = 0.98, SFT = 0.1",2015-10-19 17:00:00,2015-10-20 06:00:00,9563.644321,14,683.1174515,0.98,0.1,storm_34,0.157,0,0,0,0,0
34,"FC = 0.98, SFT = 0.1",2015-10-22 14:00:00,2015-10-23 06:00:00,14796.67951,17,870.3929126,0.98,0.1,storm_35,0.289,0,0,0,0,0
35,"FC = 0.98, SFT = 0.1",2015-10-26 20:00:00,2015-10-27 10:00:00,9027.273661,15,601.8182441,0.98,0.1,storm_36,0.101,0,0,0,0,0
36,"FC = 0.98, SFT = 0.1",2015-11-01 22:00:00,2015-11-02 23:00:00,46273.41537,26,1779.746745,0.98,0.1,storm_37,0.12,0,0,0,0,0
37,"FC = 0.98, SFT = 0.1",2015-11-04 11:00:00,2015-11-05 05:00:00,16227.98725,19,854.1045921,0.98,0.1,storm_38,0.272,0,0,0,0,0
38,"FC = 0.98, SFT = 0.1",2015-11-05 08:00:00,2015-11-07 13:00:00,86263.28535,54,1597.468247,0.98,0.1,storm_39,0.826,1,0,0,0,0
39,"FC = 0.98, SFT = 0.1",2015-11-13 19:00:00,2015-11-14 08:00:00,15652.97827,14,1118.069876,0.98,0.1,storm_40,0.239,0,0,0,0,0
40,"FC = 0.98, SFT = 0.1",2015-12-22 05:00:00,2015-12-24 04:00:00,88184.79726,48,1837.183276,0.98,0.1,storm_41,0.723,1,0,0,0,0
41,"FC = 0.98, SFT = 0.1",2016-01-03 21:00:00,2016-01-04 10:00:00,17078.88398,14,1219.920285,0.98,0.1,storm_42,0.133,0,0,0,0,0
42,"FC = 0.98, SFT = 0.1",2016-01-04 21:00:00,2016-01-08 07:00:00,260803.6254,83,3142.212354,0.98,0.1,storm_43,1.795,1,0,0,0,1
43,"FC = 0.98, SFT = 0.1",2016-01-15 02:00:00,2016-01-17 05:00:00,197777.1259,52,3803.406268,0.98,0.1,storm_44,2.123,1,0,1,0,1
44,"FC = 0.98, SFT = 0.1",2016-01-21 17:00:00,2016-01-24 23:00:00,435324.6789,79,5510.438974,0.98,0.1,storm_45,2.38,1,0,1,0,1
45,"FC = 0.98, SFT = 0.1",2016-01-29 10:00:00,2016-01-30 10:00:00,121106.3042,25,4844.252169,0.98,0.1,storm_46,1.531,1,0,0,0,1
46,"FC = 0.98, SFT = 0.1",2016-01-30 19:00:00,2016-01-31 12:00:00,10303.49336,18,572.4162977,0.98,0.1,storm_47,1.531,1,0,0,0,1
47,"FC = 0.98, SFT = 0.1",2016-02-04 04:00:00,2016-02-05 10:00:00,82726.51233,31,2668.597172,0.98,0.1,storm_48,1.038,1,0,0,0,1
48,"FC = 0.98, SFT = 0.1",2016-02-11 16:00:00,2016-02-12 09:00:00,33047.86032,18,1835.99224,0.98,0.1,storm_49,0.413,0,0,0,0,0
49,"FC = 0.98, SFT = 0.1",2016-02-20 16:00:00,2016-02-21 08:00:00,35553.34956,17,2091.373503,0.98,0.1,storm_50,0.43,0,0,0,0,0
50,"FC = 0.98, SFT = 0.1",2016-03-11 16:00:00,2016-03-12 10:00:00,25964.13901,19,1366.533632,0.98,0.1,storm_51,0.305,0,0,0,0,0
51,"FC = 0.98, SFT = 0.1",2016-03-18 15:00:00,2016-03-19 04:00:00,12813.02675,14,915.2161965,0.98,0.1,storm_52,0.196,0,0,0,0,0
52,"FC = 0.98, SFT = 0.1",2016-05-09 16:00:00,2016-05-10 06:00:00,10358.85572,15,690.5903814,0.98,0.1,storm_53,0.187,0,0,0,0,0
53,"FC = 0.98, SFT = 0.1",2016-06-04 11:00:00,2016-06-07 17:00:00,666754.2972,79,8439.927812,0.98,0.1,storm_54,4.608,1,0,1,0,1
54,"FC = 0.98, SFT = 0.1",2016-06-09 08:00:00,2016-06-10 14:00:00,41896.4855,31,1351.499532,0.98,0.1,storm_55,0.66,1,0,0,0,0
55,"FC = 0.98, SFT = 0.1",2016-06-18 08:00:00,2016-06-19 04:00:00,28613.07643,21,1362.527449,0.98,0.1,storm_56,0.448,0,0,0,0,0
56,"FC = 0.98, SFT = 0.1",2016-06-19 14:00:00,2016-06-23 10:00:00,584162.678,93,6281.319119,0.98,0.1,storm_57,3.976,1,0,1,0,1
57,"FC = 0.98, SFT = 0.1",2016-06-24 13:00:00,2016-06-26 03:00:00,30978.81141,39,794.3284976,0.98,0.1,storm_58,0.65,1,0,0,0,0
58,"FC = 0.98, SFT = 0.1",2016-06-27 12:00:00,2016-06-27 23:00:00,6986.580262,12,582.2150219,0.98,0.1,storm_59,0.449,0,0,0,0,0
59,"FC = 0.98, SFT = 0.1",2016-07-05 07:00:00,2016-07-06 23:00:00,51051.30955,41,1245.153891,0.98,0.1,storm_60,0.663,1,0,0,0,0
60,"FC = 0.98, SFT = 0.1",2016-07-08 12:00:00,2016-07-10 08:00:00,128612.3632,45,2858.052515,0.98,0.1,storm_61,1.245,1,0,0,0,1
61,"FC = 0.98, SFT = 0.1",2016-07-11 13:00:00,2016-07-13 01:00:00,56493.41261,37,1526.848989,0.98,0.1,storm_62,0.814,1,0,0,0,0
62,"FC = 0.98, SFT = 0.1",2016-07-13 06:00:00,2016-07-14 10:00:00,12871.27469,29,443.8370583,0.98,0.1,storm_63,0.668,1,0,0,0,0
63,"FC = 0.98, SFT = 0.1",2016-07-20 05:00:00,2016-07-26 09:00:00,872375.724,149,5854.870631,0.98,0.1,storm_64,6.619,1,0,1,0,1
64,"FC = 0.98, SFT = 0.1",2016-07-27 09:00:00,2016-07-28 02:00:00,8373.464006,18,465.1924448,0.98,0.1,storm_65,0.608,1,0,0,0,0
65,"FC = 0.98, SFT = 0.1",2016-08-02 15:00:00,2016-08-08 22:00:00,282501.261,152,1858.560928,0.98,0.1,storm_66,1.551,1,0,0,0,1
66,"FC = 0.98, SFT = 0.1",2016-08-20 01:00:00,2016-08-21 01:00:00,15277.60378,25,611.1041512,0.98,0.1,storm_67,0.428,0,0,0,0,0
67,"FC = 0.98, SFT = 0.1",2016-08-22 20:00:00,2016-08-23 21:00:00,14785.5597,26,568.6753731,0.98,0.1,storm_68,0.318,0,0,0,0,0
68,"FC = 0.98, SFT = 0.1",2016-08-24 15:00:00,2016-08-26 21:00:00,113574.1336,55,2064.984248,0.98,0.1,storm_69,0.984,1,0,0,0,0
69,"FC = 0.98, SFT = 0.1",2016-09-02 03:00:00,2016-09-06 02:00:00,1738713.369,96,18111.5976,0.98,0.1,storm_70,15.209,1,1,1,0,1
70,"FC = 0.98, SFT = 0.1",2016-09-10 03:00:00,2016-09-11 02:00:00,26903.07044,24,1120.961269,0.98,0.1,storm_71,0.698,1,0,0,0,0
71,"FC = 0.98, SFT = 0.1",2016-09-18 14:00:00,2016-09-20 09:00:00,132968.4587,44,3022.010424,0.98,0.1,storm_72,1.097,1,0,0,0,1
72,"FC = 0.98, SFT = 0.1",2016-09-21 14:00:00,2016-09-22 22:00:00,36537.77168,33,1107.205202,0.98,0.1,storm_73,0.631,1,0,0,0,0
73,"FC = 0.98, SFT = 0.1",2016-09-29 12:00:00,2016-09-30 08:00:00,19888.30638,21,947.0622086,0.98,0.1,storm_74,0.477,0,0,0,0,0
74,"FC = 0.98, SFT = 0.1",2016-10-05 00:00:00,2016-10-05 13:00:00,13199.1829,14,942.7987785,0.98,0.1,storm_75,0.292,0,0,0,0,0
75,"FC = 0.98, SFT = 0.1",2016-10-17 11:00:00,2016-10-18 02:00:00,14338.00894,16,896.125559,0.98,0.1,storm_76,0.313,0,0,0,0,0
76,"FC = 0.98, SFT = 0.1",2016-10-21 23:00:00,2016-10-23 03:00:00,35772.71058,29,1233.541744,0.98,0.1,storm_77,0.542,1,0,0,0,0
77,"FC = 0.98, SFT = 0.1",2016-10-30 21:00:00,2016-10-31 13:00:00,13417.50117,17,789.2647745,0.98,0.1,storm_78,0.173,0,0,0,0,0
78,"FC = 0.98, SFT = 0.1",2016-11-12 04:00:00,2016-11-13 14:00:00,81667.16298,35,2333.347514,0.98,0.1,storm_79,0.946,1,0,0,0,0
79,"FC = 0.98, SFT = 0.1",2016-11-19 21:00:00,2016-11-20 10:00:00,17776.41577,14,1269.743984,0.98,0.1,storm_80,0.165,0,0,0,0,0
80,"FC = 0.98, SFT = 0.1",2016-12-16 08:00:00,2016-12-17 18:00:00,150627.6332,35,4303.646664,0.98,0.1,storm_81,1.656,1,0,0,0,1
81,"FC = 0.98, SFT = 0.1",2016-12-24 15:00:00,2016-12-25 18:00:00,165785.913,28,5920.925466,0.98,0.1,storm_82,1.818,1,0,0,0,1
82,"FC = 0.98, SFT = 0.1",2017-01-09 19:00:00,2017-01-10 17:00:00,43538.95039,23,1892.997843,0.98,0.1,storm_83,0.351,0,0,0,0,0
83,"FC = 0.98, SFT = 0.1",2017-01-20 14:00:00,2017-01-21 10:00:00,25922.99801,21,1234.428477,0.98,0.1,storm_84,0.238,0,0,0,0,0
84,"FC = 0.98, SFT = 0.1",2017-02-24 14:00:00,2017-02-25 12:00:00,58611.31552,23,2548.318066,0.98,0.1,storm_85,0.608,1,0,0,0,0
85,"FC = 0.98, SFT = 0.1",2017-02-28 14:00:00,2017-03-01 06:00:00,8816.605998,17,518.6238822,0.98,0.1,storm_86,0.156,0,0,0,0,0
86,"FC = 0.98, SFT = 0.1",2017-03-03 16:00:00,2017-03-05 04:00:00,34982.28083,37,945.4670495,0.98,0.1,storm_87,0.308,0,0,0,0,0
87,"FC = 0.98, SFT = 0.1",2017-03-14 16:00:00,2017-03-15 14:00:00,25092.40646,23,1090.974194,0.98,0.1,storm_88,0.243,0,0,0,0,0
88,"FC = 0.98, SFT = 0.1",2017-03-15 19:00:00,2017-03-17 05:00:00,28365.35526,35,810.4387217,0.98,0.1,storm_89,0.393,0,0,0,0,0
89,"FC = 0.98, SFT = 0.1",2017-03-18 05:00:00,2017-03-21 01:00:00,249159.3817,69,3611.005532,0.98,0.1,storm_90,1.691,1,0,0,0,1
90,"FC = 0.98, SFT = 0.1",2017-03-21 16:00:00,2017-03-27 02:00:00,568232.4856,131,4337.652562,0.98,0.1,storm_91,4.603,1,0,1,0,1
91,"FC = 0.98, SFT = 0.1",2017-03-30 10:00:00,2017-04-01 22:00:00,121971.944,61,1999.540065,0.98,0.1,storm_92,0.969,1,0,0,0,0
92,"FC = 0.98, SFT = 0.1",2017-04-03 13:00:00,2017-04-05 11:00:00,34651.35081,47,737.2627831,0.98,0.1,storm_93,0.48,0,0,0,0,0
93,"FC = 0.98, SFT = 0.1",2017-04-09 19:00:00,2017-04-10 08:00:00,18001.73013,14,1285.837866,0.98,0.1,storm_94,0.352,0,0,0,0,0
94,"FC = 0.98, SFT = 0.1",2017-05-05 15:00:00,2017-05-07 02:00:00,55367.54546,36,1537.987374,0.98,0.1,storm_95,0.54,1,0,0,0,0
95,"FC = 0.98, SFT = 0.1",2017-05-19 23:00:00,2017-05-21 06:00:00,58553.07043,32,1829.783451,0.98,0.1,storm_96,0.758,1,0,0,0,0
96,"FC = 0.98, SFT = 0.1",2017-06-07 17:00:00,2017-06-09 01:00:00,34823.48368,33,1055.257081,0.98,0.1,storm_97,0.36,0,0,0,0,0
97,"FC = 0.98, SFT = 0.1",2017-06-10 02:00:00,2017-06-11 23:00:00,93354.8052,46,2029.452287,0.98,0.1,storm_98,0.991,1,0,0,0,0
98,"FC = 0.98, SFT = 0.1",2017-07-31 17:00:00,2017-08-01 04:00:00,10580.52697,12,881.7105806,0.98,0.1,storm_99,0.205,0,0,0,0,0
99,"FC = 0.98, SFT = 0.1",2017-08-03 21:00:00,2017-08-04 15:00:00,24337.29482,19,1280.910254,0.98,0.1,storm_100,0.188,0,0,0,0,0
100,"FC = 0.98, SFT = 0.1",2017-08-25 00:00:00,2017-08-25 12:00:00,13212.13144,13,1016.317803,0.98,0.1,storm_101,0.106,0,0,0,0,0
101,"FC = 0.98, SFT = 0.1",2017-10-20 09:00:00,2017-10-21 18:00:00,119773.5359,34,3522.751057,0.98,0.1,storm_102,1.252,1,0,0,0,1
102,"FC = 0.98, SFT = 0.1",2017-10-23 04:00:00,2017-10-23 18:00:00,11263.16018,15,750.8773452,0.98,0.1,storm_103,0.118,0,0,0,0,0
103,"FC = 0.98, SFT = 0.1",2017-10-26 23:00:00,2017-10-27 11:00:00,11914.42684,13,916.4943721,0.98,0.1,storm_104,0.081,0,0,0,0,0
104,"FC = 0.98, SFT = 0.1",2017-11-17 17:00:00,2017-11-18 07:00:00,12998.3341,15,866.5556066,0.98,0.1,storm_105,0.176,0,0,0,0,0
105,"FC = 0.98, SFT = 0.1",2017-11-18 18:00:00,2017-11-19 20:00:00,28513.38969,27,1056.05147,0.98,0.1,storm_106,0.272,0,0,0,0,0
106,"FC = 0.98, SFT = 0.1",2017-12-02 16:00:00,2017-12-03 17:00:00,68212.92873,26,2623.574182,0.98,0.1,storm_107,0.646,1,0,0,0,0
107,"FC = 0.98, SFT = 0.1",2017-12-05 18:00:00,2017-12-06 19:00:00,61854.71217,26,2379.027391,0.98,0.1,storm_108,0.584,1,0,0,0,0
108,"FC = 0.98, SFT = 0.1",2017-12-17 16:00:00,2017-12-18 14:00:00,61467.8307,23,2672.514378,0.98,0.1,storm_109,0.639,1,0,0,0,0
109,"FC = 0.98, SFT = 0.1",2017-12-22 23:00:00,2017-12-23 11:00:00,9972.340218,13,767.1030937,0.98,0.1,storm_110,0.06,0,0,0,0,0
110,"FC = 0.98, SFT = 0.1",2017-12-30 06:00:00,2017-12-30 22:00:00,15367.02701,17,903.9427652,0.98,0.1,storm_111,0.076,0,0,0,0,0
111,"FC = 0.98, SFT = 0.1",2018-01-09 02:00:00,2018-01-10 09:00:00,86713.49786,32,2709.796808,0.98,0.1,storm_112,0.987,1,0,0,0,0
112,"FC = 0.98, SFT = 0.1",2018-02-19 17:00:00,2018-02-21 00:00:00,77637.60699,32,2426.175218,0.98,0.1,storm_113,0.629,1,0,0,0,0
113,"FC = 0.98, SFT = 0.1",2018-02-25 15:00:00,2018-02-27 17:00:00,221108.6382,51,4335.463495,0.98,0.1,storm_114,1.671,1,0,0,0,1
114,"FC = 0.98, SFT = 0.1",2018-03-05 22:00:00,2018-03-07 02:00:00,23036.93325,29,794.3770087,0.98,0.1,storm_115,0.318,0,0,0,0,0
115,"FC = 0.98, SFT = 0.1",2018-03-21 10:00:00,2018-03-22 22:00:00,22687.04786,37,613.1634557,0.98,0.1,storm_116,0.174,0,0,0,0,0
116,"FC = 0.98, SFT = 0.1",2018-03-23 07:00:00,2018-03-23 20:00:00,6482.482951,14,463.0344965,0.98,0.1,storm_117,0.23,0,0,0,0,0
117,"FC = 0.98, SFT = 0.1",2018-04-19 18:00:00,2018-04-20 09:00:00,11465.56601,16,716.5978757,0.98,0.1,storm_118,0.125,0,0,0,0,0
118,"FC = 0.98, SFT = 0.1",2018-05-30 02:00:00,2018-05-30 15:00:00,13679.33316,14,977.0952258,0.98,0.1,storm_119,0.096,0,0,0,0,0
119,"FC = 0.98, SFT = 0.1",2018-08-04 02:00:00,2018-08-04 22:00:00,14719.47227,21,700.927251,0.98,0.1,storm_120,0.091,0,0,0,0,0
120,"FC = 0.98, SFT = 0.1",2018-08-06 13:00:00,2018-08-07 04:00:00,15578.90773,16,973.6817332,0.98,0.1,storm_121,0.222,0,0,0,0,0
121,"FC = 0.98, SFT = 0.1",2018-08-26 17:00:00,2018-08-27 13:00:00,19488.25461,21,928.0121243,0.98,0.1,storm_122,0.135,0,0,0,0,0
122,"FC = 0.98, SFT = 0.1",2018-08-31 19:00:00,2018-09-01 14:00:00,20553.22693,20,1027.661347,0.98,0.1,storm_123,0.149,0,0,0,0,0
123,"FC = 0.98, SFT = 0.1",2018-09-07 03:00:00,2018-09-07 21:00:00,18956.28805,19,997.6993711,0.98,0.1,storm_124,0.121,0,0,0,0,0
124,"FC = 0.98, SFT = 0.1",2018-09-07 23:00:00,2018-09-09 10:00:00,43353.83474,36,1204.273187,0.98,0.1,storm_125,0.567,1,0,0,0,0
125,"FC = 0.98, SFT = 0.1",2018-09-26 14:00:00,2018-09-27 01:00:00,9385.972456,12,782.1643713,0.98,0.1,storm_126,0.187,0,0,0,0,0
126,"FC = 0.98, SFT = 0.1",2018-10-04 15:00:00,2018-10-06 10:00:00,69328.3818,44,1575.645041,0.98,0.1,storm_127,0.685,1,0,0,0,0
127,"FC = 0.98, SFT = 0.1",2018-10-10 12:00:00,2018-10-12 19:00:00,142707.3791,56,2548.346055,0.98,0.1,storm_128,1.31,1,0,0,0,1
128,"FC = 0.98, SFT = 0.1",2018-10-17 13:00:00,2018-10-19 20:00:00,49659.9124,56,886.78415,0.98,0.1,storm_129,0.53,1,0,0,0,0
129,"FC = 0.98, SFT = 0.1",2018-11-02 23:00:00,2018-11-03 12:00:00,19834.34157,14,1416.738684,0.98,0.1,storm_130,0.083,0,0,0,0,0
130,"FC = 0.98, SFT = 0.1",2018-11-21 23:00:00,2018-11-22 18:00:00,30205.00914,20,1510.250457,0.98,0.1,storm_131,0.078,0,0,0,0,0
131,"FC = 0.98, SFT = 0.1",2018-11-28 06:00:00,2018-12-01 13:00:00,814429.8713,80,10180.37339,0.98,0.1,storm_132,7.971,1,0,1,0,1
132,"FC = 0.98, SFT = 0.1",2018-12-13 21:00:00,2018-12-17 03:00:00,147258.7967,79,1864.035402,0.98,0.1,storm_133,0.891,1,0,0,0,0
133,"FC = 0.98, SFT = 0.1",2018-12-19 17:00:00,2018-12-24 01:00:00,753958.5233,105,7180.557365,0.98,0.1,storm_134,4.435,1,0,1,0,1
134,"FC = 0.98, SFT = 0.1",2019-01-06 00:00:00,2019-01-06 11:00:00,14780.11847,12,1231.676539,0.98,0.1,storm_135,0.094,0,0,0,0,0
135,"FC = 0.98, SFT = 0.1",2019-01-11 15:00:00,2019-01-12 20:00:00,91196.00655,30,3039.866885,0.98,0.1,storm_136,0.968,1,0,0,0,0
136,"FC = 0.98, SFT = 0.1",2019-01-21 05:00:00,2019-01-22 00:00:00,31844.332,20,1592.2166,0.98,0.1,storm_137,0.429,0,0,0,0,0
137,"FC = 0.98, SFT = 0.1",2019-01-23 13:00:00,2019-01-24 18:00:00,224721.5716,30,7490.719054,0.98,0.1,storm_138,2.497,1,0,1,0,1
138,"FC = 0.98, SFT = 0.1",2019-03-16 13:00:00,2019-03-18 13:00:00,92708.11424,49,1892.002331,0.98,0.1,storm_139,0.594,1,0,0,0,0
139,"FC = 0.98, SFT = 0.1",2019-03-18 16:00:00,2019-03-19 17:00:00,30846.343,26,1186.397808,0.98,0.1,storm_140,0.5,1,0,0,0,0
140,"FC = 0.98, SFT = 0.1",2019-03-22 17:00:00,2019-03-23 13:00:00,32466.45691,21,1546.021758,0.98,0.1,storm_141,0.379,0,0,0,0,0
141,"FC = 0.98, SFT = 0.1",2019-03-29 22:00:00,2019-03-31 11:00:00,76150.03105,38,2003.948185,0.98,0.1,storm_142,0.883,1,0,0,0,0
142,"FC = 0.98, SFT = 0.1",2019-04-21 18:00:00,2019-04-22 07:00:00,19139.7825,14,1367.127322,0.98,0.1,storm_143,0.248,0,0,0,0,0
143,"FC = 0.98, SFT = 0.1",2019-05-03 15:00:00,2019-05-04 20:00:00,47962.55613,30,1598.751871,0.98,0.1,storm_144,0.291,0,0,0,0,0
144,"FC = 0.98, SFT = 0.1",2019-06-04 12:00:00,2019-06-05 04:00:00,20143.73842,17,1184.92579,0.98,0.1,storm_145,0.273,0,0,0,0,0
145,"FC = 0.98, SFT = 0.1",2019-06-24 09:00:00,2019-06-24 20:00:00,7849.201053,12,654.1000877,0.98,0.1,storm_146,0.071,0,0,0,0,0
146,"FC = 0.98, SFT = 0.1",2019-06-25 07:00:00,2019-06-25 18:00:00,7272.306128,12,606.0255107,0.98,0.1,storm_147,0.178,0,0,0,0,0
147,"FC = 0.98, SFT = 0.1",2019-07-04 21:00:00,2019-07-05 22:00:00,17091.95622,26,657.3829316,0.98,0.1,storm_148,0.082,0,0,0,0,0
148,"FC = 0.98, SFT = 0.1",2019-08-11 16:00:00,2019-08-12 03:00:00,10442.57142,12,870.2142852,0.98,0.1,storm_149,0.195,0,0,0,0,0
149,"FC = 0.98, SFT = 0.1",2019-08-29 22:00:00,2019-08-30 16:00:00,22560.56277,19,1187.39804,0.98,0.1,storm_150,0.101,0,0,0,0,0
150,"FC = 0.98, SFT = 0.1",2019-09-17 08:00:00,2019-09-19 18:00:00,137034.7985,59,2322.623703,0.98,0.1,storm_151,0.976,1,0,0,0,0
151,"FC = 0.98, SFT = 0.1",2019-11-04 00:00:00,2019-11-04 12:00:00,13056.82916,13,1004.371474,0.98,0.1,storm_152,0.063,0,0,0,0,0
152,"FC = 0.98, SFT = 0.1",2020-01-19 15:00:00,2020-01-20 11:00:00,34255.50696,21,1631.214617,0.98,0.1,storm_153,0.369,0,0,0,0,0
153,"FC = 0.98, SFT = 0.1",2020-01-27 17:00:00,2020-01-28 06:00:00,18881.38542,14,1348.670387,0.98,0.1,storm_154,0.215,0,0,0,0,0
154,"FC = 0.98, SFT = 0.1",2020-02-06 21:00:00,2020-02-12 13:00:00,2156300.863,137,15739.42236,0.98,0.1,storm_155,18.648,1,1,1,0,1
155,"FC = 0.98, SFT = 0.1",2020-02-12 20:00:00,2020-02-15 05:00:00,111177.6348,58,1916.855773,0.98,0.1,storm_156,1.219,1,0,0,0,1
156,"FC = 0.98, SFT = 0.1",2020-02-15 23:00:00,2020-02-16 20:00:00,40310.81878,22,1832.309944,0.98,0.1,storm_157,0.743,1,0,0,0,0
157,"FC = 0.98, SFT = 0.1",2020-02-17 09:00:00,2020-02-21 22:00:00,810743.1692,110,7370.392447,0.98,0.1,storm_158,4.639,1,0,1,0,1
158,"FC = 0.98, SFT = 0.1",2020-02-26 14:00:00,2020-02-27 09:00:00,40220.02386,20,2011.001193,0.98,0.1,storm_159,0.638,1,0,0,0,0
159,"FC = 0.98, SFT = 0.1",2020-03-03 21:00:00,2020-03-12 01:00:00,349345.8451,197,1773.329163,0.98,0.1,storm_160,1.867,1,0,0,0,1
160,"FC = 0.98, SFT = 0.1",2020-03-14 16:00:00,2020-03-16 01:00:00,49748.56518,34,1463.193093,0.98,0.1,storm_161,0.644,1,0,0,0,0
161,"FC = 0.98, SFT = 0.1",2020-03-16 04:00:00,2020-03-18 22:00:00,80507.29215,67,1201.601375,0.98,0.1,storm_162,0.959,1,0,0,0,0
162,"FC = 0.98, SFT = 0.1",2020-03-25 12:00:00,2020-03-28 13:00:00,239231.8323,74,3232.862599,0.98,0.1,storm_163,2.307,1,0,1,0,1
163,"FC = 0.98, SFT = 0.1",2020-03-30 08:00:00,2020-03-31 02:00:00,17283.53098,19,909.6595252,0.98,0.1,storm_164,0.453,0,0,0,0,0
164,"FC = 0.98, SFT = 0.1",2020-04-02 17:00:00,2020-04-08 13:00:00,407198.927,141,2887.935653,0.98,0.1,storm_165,2.822,1,0,1,0,1
165,"FC = 0.98, SFT = 0.1",2020-04-10 11:00:00,2020-04-12 08:00:00,35681.22569,46,775.6788193,0.98,0.1,storm_166,0.637,1,0,0,0,0
166,"FC = 0.98, SFT = 0.1",2020-04-29 20:00:00,2020-05-03 06:00:00,192776.5457,83,2322.608984,0.98,0.1,storm_167,1.578,1,0,0,0,1
167,"FC = 0.98, SFT = 0.1",2020-05-21 03:00:00,2020-05-22 20:00:00,39815.71291,42,947.9931644,0.98,0.1,storm_168,0.458,0,0,0,0,0
168,"FC = 0.98, SFT = 0.1",2020-06-14 07:00:00,2020-06-15 00:00:00,23641.6714,18,1313.426189,0.98,0.1,storm_169,0.454,0,0,0,0,0
169,"FC = 0.98, SFT = 0.1",2020-06-21 06:00:00,2020-06-22 10:00:00,39130.13786,29,1349.315099,0.98,0.1,storm_170,0.576,1,0,0,0,0
170,"FC = 0.98, SFT = 0.1",2020-07-11 10:00:00,2020-07-12 00:00:00,8937.404824,15,595.8269883,0.98,0.1,storm_171,0.285,0,0,0,0,0
171,"FC = 0.98, SFT = 0.1",2020-07-26 13:00:00,2020-08-03 09:00:00,1102626.973,189,5834.005148,0.98,0.1,storm_172,5.683,1,0,1,0,1
172,"FC = 0.98, SFT = 0.1",2020-08-07 14:00:00,2020-08-12 22:00:00,752624.4077,129,5834.297734,0.98,0.1,storm_173,5.441,1,0,1,0,1
173,"FC = 0.98, SFT = 0.1",2020-08-13 02:00:00,2020-08-14 07:00:00,84080.37679,30,2802.679226,0.98,0.1,storm_174,2.258,1,0,1,0,1
174,"FC = 0.98, SFT = 0.1",2020-08-14 18:00:00,2020-08-19 04:00:00,244352.3786,107,2283.66709,0.98,0.1,storm_175,2.879,1,0,1,0,1
175,"FC = 0.98, SFT = 0.1",2020-08-19 19:00:00,2020-08-21 00:00:00,36178.52362,30,1205.950787,0.98,0.1,storm_176,1.231,1,0,0,0,1
176,"FC = 0.98, SFT = 0.1",2020-08-22 02:00:00,2020-08-27 06:00:00,112919.9842,125,903.359874,0.98,0.1,storm_177,1.243,1,0,0,0,1
177,"FC = 0.98, SFT = 0.1",2020-08-27 12:00:00,2020-08-28 03:00:00,6624.955446,16,414.0597154,0.98,0.1,storm_178,0.69,1,0,0,0,0
178,"FC = 0.98, SFT = 0.1",2020-09-09 11:00:00,2020-09-10 23:00:00,55251.46169,37,1493.282748,0.98,0.1,storm_179,0.703,1,0,0,0,0
179,"FC = 0.98, SFT = 0.1",2020-09-20 09:00:00,2020-09-22 01:00:00,55993.32981,41,1365.690971,0.98,0.1,storm_180,0.726,1,0,0,0,0
180,"FC = 0.98, SFT = 0.1",2020-10-24 07:00:00,2020-10-28 17:00:00,221870.5555,107,2073.556594,0.98,0.1,storm_181,1.332,1,0,0,0,1
181,"FC = 0.98, SFT = 0.1",2020-10-31 16:00:00,2020-11-01 21:00:00,36549.49182,30,1218.316394,0.98,0.1,storm_182,0.587,1,0,0,0,0
182,"FC = 0.98, SFT = 0.1",2020-11-05 11:00:00,2020-11-07 20:00:00,96676.3844,58,1666.834214,0.98,0.1,storm_183,0.875,1,0,0,0,0
183,"FC = 0.98, SFT = 0.1",2020-11-13 02:00:00,2020-11-14 11:00:00,40791.50107,34,1199.750032,0.98,0.1,storm_184,0.619,1,0,0,0,0
184,"FC = 0.98, SFT = 0.1",2020-11-23 13:00:00,2020-11-24 08:00:00,24220.19546,20,1211.009773,0.98,0.1,storm_185,0.4,0,0,0,0,0
185,"FC = 0.98, SFT = 0.1",2020-12-05 23:00:00,2020-12-06 13:00:00,19153.12551,15,1276.875034,0.98,0.1,storm_186,0.097,0,0,0,0,0
186,"FC = 0.98, SFT = 0.1",2020-12-15 23:00:00,2020-12-16 12:00:00,7508.037417,14,536.2883869,0.98,0.1,storm_187,0.12,0,0,0,0,0
187,"FC = 0.98, SFT = 0.1",2020-12-16 17:00:00,2020-12-17 12:00:00,32709.75085,20,1635.487542,0.98,0.1,storm_188,0.416,0,0,0,0,0
188,"FC = 0.98, SFT = 0.1",2020-12-18 11:00:00,2020-12-19 07:00:00,43696.79867,21,2080.799937,0.98,0.1,storm_189,0.597,1,0,0,0,0
189,"FC = 0.98, SFT = 0.1",2020-12-21 20:00:00,2020-12-23 10:00:00,70055.41578,39,1796.292712,0.98,0.1,storm_190,0.782,1,0,0,0,0
190,"FC = 0.98, SFT = 0.1",2020-12-26 17:00:00,2020-12-28 07:00:00,134239.6664,39,3442.042728,0.98,0.1,storm_191,0.998,1,0,0,0,0
191,"FC = 0.98, SFT = 0.1",2020-12-29 07:00:00,2020-12-31 19:00:00,163820.9862,61,2685.589937,0.98,0.1,storm_192,1.471,1,0,0,0,1
192,"FC = 0.98, SFT = 0.1",2021-01-01 13:00:00,2021-01-02 18:00:00,24778.46742,30,825.9489139,0.98,0.1,storm_193,0.555,1,0,0,0,0
193,"FC = 0.98, SFT = 0.1",2021-01-03 14:00:00,2021-01-10 23:00:00,339090.4824,178,1905.00271,0.98,0.1,storm_194,2.239,1,0,1,0,1
194,"FC = 0.98, SFT = 0.1",2021-01-30 12:00:00,2021-01-30 23:00:00,12958.63606,12,1079.886338,0.98,0.1,storm_195,0.179,0,0,0,0,0
195,"FC = 0.98, SFT = 0.1",2021-02-01 22:00:00,2021-02-03 08:00:00,107329.8589,35,3066.567397,0.98,0.1,storm_196,1.318,1,0,0,0,1
196,"FC = 0.98, SFT = 0.1",2021-02-04 22:00:00,2021-02-05 23:00:00,38701.74495,26,1488.528652,0.98,0.1,storm_197,0.265,0,0,0,0,0
197,"FC = 0.98, SFT = 0.1",2021-02-06 15:00:00,2021-02-07 06:00:00,12383.96272,16,773.99767,0.98,0.1,storm_198,0.566,1,0,0,0,0
198,"FC = 0.98, SFT = 0.1",2021-02-12 23:00:00,2021-02-14 23:00:00,90599.19975,49,1848.96326,0.98,0.1,storm_199,0.996,1,0,0,0,0
199,"FC = 0.98, SFT = 0.1",2021-02-17 02:00:00,2021-02-18 11:00:00,25320.67619,34,744.7257703,0.98,0.1,storm_200,0.449,0,0,0,0,0
200,"FC = 0.98, SFT = 0.1",2021-02-25 09:00:00,2021-02-26 20:00:00,79656.02797,36,2212.667444,0.98,0.1,storm_201,0.968,1,0,0,0,0
201,"FC = 0.98, SFT = 0.1",2021-03-11 23:00:00,2021-03-13 00:00:00,33600.97375,26,1292.345144,0.98,0.1,storm_202,0.515,1,0,0,0,0
202,"FC = 0.98, SFT = 0.1",2021-03-14 04:00:00,2021-03-15 13:00:00,39658.93953,34,1166.439398,0.98,0.1,storm_203,0.493,0,0,0,0,0
203,"FC = 0.98, SFT = 0.1",2021-03-16 22:00:00,2021-03-17 13:00:00,10748.23608,16,671.7647549,0.98,0.1,storm_204,0.315,0,0,0,0,0
204,"FC = 0.98, SFT = 0.1",2021-05-02 18:00:00,2021-05-03 06:00:00,14506.26248,13,1115.866345,0.98,0.1,storm_205,0.301,0,0,0,0,0
205,"FC = 0.98, SFT = 0.1",2021-05-04 14:00:00,2021-05-05 02:00:00,11948.59007,13,919.122313,0.98,0.1,storm_206,0.32,0,0,0,0,0
206,"FC = 0.98, SFT = 0.1",2021-05-05 19:00:00,2021-05-08 23:00:00,126956.3038,77,1648.783166,0.98,0.1,storm_207,0.899,1,0,0,0,0
207,"FC = 0.98, SFT = 0.1",2021-06-03 12:00:00,2021-06-04 11:00:00,27568.14819,24,1148.672841,0.98,0.1,storm_208,0.408,0,0,0,0,0
208,"FC = 0.98, SFT = 0.1",2021-06-08 23:00:00,2021-06-09 10:00:00,6823.349225,12,568.6124354,0.98,0.1,storm_209,0.198,0,0,0,0,0
209,"FC = 0.98, SFT = 0.1",2021-06-10 14:00:00,2021-06-11 12:00:00,21200.27049,23,921.7508907,0.98,0.1,storm_210,0.373,0,0,0,0,0
210,"FC = 0.98, SFT = 0.1",2021-06-16 23:00:00,2021-06-18 07:00:00,34387.07459,33,1042.032563,0.98,0.1,storm_211,0.546,1,0,0,0,0
211,"FC = 0.98, SFT = 0.1",2021-06-24 19:00:00,2021-06-25 19:00:00,26318.65106,25,1052.746042,0.98,0.1,storm_212,0.233,0,0,0,0,0
212,"FC = 0.98, SFT = 0.1",2021-07-01 21:00:00,2021-07-03 01:00:00,23567.02618,29,812.6560752,0.98,0.1,storm_213,0.37,0,0,0,0,0
213,"FC = 0.98, SFT = 0.1",2021-07-16 07:00:00,2021-07-19 05:00:00,73637.21302,71,1037.143845,0.98,0.1,storm_214,0.626,1,0,0,0,0
214,"FC = 0.98, SFT = 0.1",2021-07-25 05:00:00,2021-07-26 10:00:00,27937.56287,30,931.2520957,0.98,0.1,storm_215,0.472,0,0,0,0,0
215,"FC = 0.98, SFT = 0.1",2021-08-03 05:00:00,2021-08-04 23:00:00,35142.86133,43,817.275845,0.98,0.1,storm_216,0.442,0,0,0,0,0
216,"FC = 0.98, SFT = 0.1",2021-08-12 05:00:00,2021-08-12 23:00:00,14326.35782,19,754.0188325,0.98,0.1,storm_217,0.192,0,0,0,0,0
217,"FC = 0.98, SFT = 0.1",2021-08-23 20:00:00,2021-08-31 11:00:00,717662.9698,184,3900.342227,0.98,0.1,storm_218,3.462,1,0,1,0,1
218,"FC = 0.98, SFT = 0.1",2021-08-31 14:00:00,2021-09-01 08:00:00,8720.928244,19,458.9962234,0.98,0.1,storm_219,0.648,1,0,0,0,0
219,"FC = 0.98, SFT = 0.1",2021-09-04 20:00:00,2021-09-06 21:00:00,58300.45183,50,1166.009037,0.98,0.1,storm_220,0.863,1,0,0,0,0
220,"FC = 0.98, SFT = 0.1",2021-09-13 22:00:00,2021-09-14 13:00:00,14026.59917,16,876.6624484,0.98,0.1,storm_221,0.308,0,0,0,0,0
221,"FC = 0.98, SFT = 0.1",2021-09-18 17:00:00,2021-09-19 09:00:00,13149.28336,17,773.4872562,0.98,0.1,storm_222,0.346,0,0,0,0,0
222,"FC = 0.98, SFT = 0.1",2021-09-29 12:00:00,2021-10-02 07:00:00,91461.52577,68,1345.022438,0.98,0.1,storm_223,0.709,1,0,0,0,0
223,"FC = 0.98, SFT = 0.1",2021-10-11 01:00:00,2021-10-11 21:00:00,12346.69022,21,587.9376296,0.98,0.1,storm_224,0.182,0,0,0,0,0
224,"FC = 0.98, SFT = 0.1",2021-10-12 05:00:00,2021-10-13 19:00:00,36637.10552,39,939.412962,0.98,0.1,storm_225,0.519,1,0,0,0,0
225,"FC = 0.98, SFT = 0.1",2021-10-14 15:00:00,2021-10-15 06:00:00,14792.47072,16,924.5294202,0.98,0.1,storm_226,0.387,0,0,0,0,0
226,"FC = 0.98, SFT = 0.1",2021-10-15 11:00:00,2021-10-17 06:00:00,34984.46877,44,795.101563,0.98,0.1,storm_227,0.497,0,0,0,0,0
227,"FC = 0.98, SFT = 0.1",2021-11-04 10:00:00,2021-11-06 04:00:00,70619.54646,43,1642.315034,0.98,0.1,storm_228,0.601,1,0,0,0,0
228,"FC = 0.98, SFT = 0.1",2021-11-07 10:00:00,2021-11-09 13:00:00,185618.0824,52,3569.578509,0.98,0.1,storm_229,2.003,1,0,1,0,1
229,"FC = 0.98, SFT = 0.1",2021-11-10 13:00:00,2021-11-17 10:00:00,635996.1643,166,3831.302194,0.98,0.1,storm_230,4.584,1,0,1,0,1
230,"FC = 0.98, SFT = 0.1",2021-11-17 18:00:00,2021-11-18 07:00:00,6009.479344,14,429.2485246,0.98,0.1,storm_231,0.633,1,0,0,0,0
231,"FC = 0.98, SFT = 0.1",2021-11-21 03:00:00,2021-11-23 06:00:00,65566.61777,52,1260.896496,0.98,0.1,storm_232,0.844,1,0,0,0,0
232,"FC = 0.98, SFT = 0.1",2021-11-25 14:00:00,2021-12-01 03:00:00,691387.4853,134,5159.608099,0.98,0.1,storm_233,4.393,1,0,1,0,1
233,"FC = 0.98, SFT = 0.1",2021-12-01 15:00:00,2021-12-04 23:00:00,97227.18949,81,1200.335673,0.98,0.1,storm_234,1.222,1,0,0,0,1
234,"FC = 0.98, SFT = 0.1",2021-12-05 19:00:00,2021-12-06 07:00:00,5990.620844,13,460.816988,0.98,0.1,storm_235,0.786,1,0,0,0,0
235,"FC = 0.98, SFT = 0.1",2021-12-06 18:00:00,2021-12-07 06:00:00,6689.759418,13,514.5968783,0.98,0.1,storm_236,0.712,1,0,0,0,0
236,"FC = 0.98, SFT = 0.1",2021-12-07 16:00:00,2021-12-08 09:00:00,20800.20371,18,1155.566873,0.98,0.1,storm_237,0.808,1,0,0,0,0
237,"FC = 0.98, SFT = 0.1",2021-12-08 14:00:00,2021-12-14 06:00:00,246505.7673,137,1799.31217,0.98,0.1,storm_238,1.685,1,0,0,0,1
238,"FC = 0.98, SFT = 0.1",2021-12-14 11:00:00,2021-12-15 03:00:00,7905.18847,17,465.0110865,0.98,0.1,storm_239,0.681,1,0,0,0,0
239,"FC = 0.98, SFT = 0.1",2021-12-15 17:00:00,2021-12-16 07:00:00,9085.383535,15,605.6922356,0.98,0.1,storm_240,0.604,1,0,0,0,0
240,"FC = 0.98, SFT = 0.1",2021-12-19 02:00:00,2021-12-20 11:00:00,26795.91923,34,788.1152714,0.98,0.1,storm_241,0.609,1,0,0,0,0
241,"FC = 0.98, SFT = 0.1",2021-12-20 14:00:00,2021-12-23 06:00:00,31373.86571,65,482.6748571,0.98,0.1,storm_242,0.609,1,0,0,0,0
242,"FC = 0.98, SFT = 0.1",2023-06-22 21:00:00,2023-06-24 04:00:00,39852.84571,32,1245.401428,0.98,0.1,storm_243,0.586,1,0,0,0,0
243,"FC = 0.98, SFT = 0.1",2023-07-04 15:00:00,2023-07-05 08:00:00,11183.78786,18,621.3215477,0.98,0.1,storm_244,0.274,0,0,0,0,0
244,"FC = 0.98, SFT = 0.1",2023-08-14 00:00:00,2023-08-15 10:00:00,55379.81935,35,1582.280553,0.98,0.1,storm_245,0.719,1,0,0,0,0
245,"FC = 0.98, SFT = 0.1",2023-08-18 01:00:00,2023-08-19 08:00:00,32177.39452,32,1005.543579,0.98,0.1,storm_246,0.449,0,0,0,0,0
246,"FC = 0.98, SFT = 0.1",2023-08-30 20:00:00,2023-08-31 08:00:00,11038.9732,13,849.1517844,0.98,0.1,storm_247,0.196,0,0,0,0,0
247,"FC = 0.98, SFT = 0.1",2023-09-08 02:00:00,2023-09-09 09:00:00,33409.41545,32,1044.044233,0.98,0.1,storm_248,0.429,0,0,0,0,0
248,"FC = 0.98, SFT = 0.1",2023-10-04 17:00:00,2023-10-05 23:00:00,76821.48052,31,2478.112275,0.98,0.1,storm_249,0.596,1,0,0,0,0
249,"FC = 0.98, SFT = 0.1",2023-11-05 11:00:00,2023-11-06 01:00:00,17351.04807,15,1156.736538,0.98,0.1,storm_250,0.32,0,0,0,0,0
250,"FC = 0.98, SFT = 0.1",2023-11-09 12:00:00,2023-11-10 06:00:00,57079.31147,19,3004.174288,0.98,0.1,storm_251,0.714,1,0,0,0,0
251,"FC = 0.98, SFT = 0.1",2023-11-24 23:00:00,2023-11-27 10:00:00,242071.2546,60,4034.520911,0.98,0.1,storm_252,2.226,1,0,1,0,1
252,"FC = 0.98, SFT = 0.1",2023-11-29 04:00:00,2023-12-01 09:00:00,90657.82841,54,1678.848674,0.98,0.1,storm_253,0.763,1,0,0,0,0
253,"FC = 0.98, SFT = 0.1",2023-12-02 03:00:00,2023-12-03 22:00:00,38085.5229,44,865.5800659,0.98,0.1,storm_254,0.581,1,0,0,0,0
254,"FC = 0.98, SFT = 0.1",2023-12-19 23:00:00,2023-12-23 19:00:00,661124.924,93,7108.870151,0.98,0.1,storm_255,6.299,1,0,1,0,1
255,"FC = 0.98, SFT = 0.1",2023-12-24 12:00:00,2023-12-25 03:00:00,11283.46426,16,705.2165164,0.98,0.1,storm_256,0.553,1,0,0,0,0
256,"FC = 0.98, SFT = 0.1",2023-12-25 18:00:00,2023-12-27 01:00:00,26571.34865,32,830.3546454,0.98,0.1,storm_257,0.541,1,0,0,0,0
257,"FC = 0.98, SFT = 0.1",2024-01-02 12:00:00,2024-01-07 18:00:00,353432.2808,127,2782.931345,0.98,0.1,storm_258,1.858,1,0,0,0,1
258,"FC = 0.98, SFT = 0.1",2024-01-08 11:00:00,2024-01-09 18:00:00,30050.1676,32,939.0677374,0.98,0.1,storm_259,0.703,1,0,0,0,0
259,"FC = 0.98, SFT = 0.1",2024-01-10 22:00:00,2024-01-11 16:00:00,10745.43719,19,565.5493257,0.98,0.1,storm_260,0.537,1,0,0,0,0
260,"FC = 0.98, SFT = 0.1",2024-01-11 21:00:00,2024-01-13 03:00:00,17046.35006,31,549.88226,0.98,0.1,storm_261,0.518,1,0,0,0,0
261,"FC = 0.98, SFT = 0.1",2024-01-14 21:00:00,2024-01-22 08:00:00,469149.711,180,2606.387284,0.98,0.1,storm_262,2.228,1,0,1,0,1
262,"FC = 0.98, SFT = 0.1",2024-02-06 02:00:00,2024-02-08 07:00:00,135934.6827,54,2517.308939,0.98,0.1,storm_263,1.526,1,0,0,0,1
263,"FC = 0.98, SFT = 0.1",2024-02-13 17:00:00,2024-02-15 07:00:00,61136.00033,39,1567.589752,0.98,0.1,storm_264,0.606,1,0,0,0,0
264,"FC = 0.98, SFT = 0.1",2024-02-18 18:00:00,2024-02-19 18:00:00,14680.0888,25,587.2035519,0.98,0.1,storm_265,0.317,0,0,0,0,0
265,"FC = 0.98, SFT = 0.1",2024-03-07 14:00:00,2024-03-08 08:00:00,26116.81903,19,1374.569423,0.98,0.1,storm_266,0.355,0,0,0,0,0
266,"FC = 0.98, SFT = 0.1",2024-03-17 04:00:00,2024-03-17 23:00:00,24779.30593,20,1238.965296,0.98,0.1,storm_267,0.134,0,0,0,0,0
267,"FC = 0.98, SFT = 0.1",2024-03-18 08:00:00,2024-03-18 22:00:00,15875.52904,15,1058.368603,0.98,0.1,storm_268,0.414,0,0,0,0,0
268,"FC = 0.98, SFT = 0.1",2024-04-02 13:00:00,2024-04-03 05:00:00,24156.56882,17,1420.974637,0.98,0.1,storm_269,0.351,0,0,0,0,0
269,"FC = 0.98, SFT = 0.1",2024-05-03 18:00:00,2024-05-08 03:00:00,186718.7799,106,1761.497923,0.98,0.1,storm_270,1.376,1,0,0,0,1
270,"FC = 0.98, SFT = 0.1",2024-05-08 08:00:00,2024-05-08 19:00:00,4836.742011,12,403.0618343,0.98,0.1,storm_271,0.799,1,0,0,0,0
271,"FC = 0.98, SFT = 0.1",2024-05-09 01:00:00,2024-05-09 22:00:00,10237.61344,22,465.3460653,0.98,0.1,storm_272,0.623,1,0,0,0,0
272,"FC = 0.98, SFT = 0.1",2024-05-11 04:00:00,2024-05-17 06:00:00,388551.1337,147,2643.204991,0.98,0.1,storm_273,2.666,1,0,1,0,1
273,"FC = 0.98, SFT = 0.1",2024-05-17 09:00:00,2024-05-18 07:00:00,9554.29654,23,415.4041974,0.98,0.1,storm_274,0.714,1,0,0,0,0
274,"FC = 0.98, SFT = 0.1",2024-05-18 13:00:00,2024-05-19 02:00:00,5913.365364,14,422.3832403,0.98,0.1,storm_275,0.633,1,0,0,0,0
275,"FC = 0.98, SFT = 0.1",2024-05-31 15:00:00,2024-06-04 06:00:00,143983.5359,88,1636.176544,0.98,0.1,storm_276,1.054,1,0,0,0,1
276,"FC = 0.98, SFT = 0.1",2024-06-06 05:00:00,2024-06-13 02:00:00,353897.4235,166,2131.91219,0.98,0.1,storm_277,2.337,1,0,1,0,1
277,"FC = 0.98, SFT = 0.1",2024-06-14 23:00:00,2024-06-18 06:00:00,82905.0985,80,1036.313731,0.98,0.1,storm_278,1.055,1,0,0,0,1
278,"FC = 0.98, SFT = 0.1",2024-06-30 04:00:00,2024-07-01 22:00:00,68490.55857,43,1592.803688,0.98,0.1,storm_279,0.989,1,0,0,0,0
279,"FC = 0.98, SFT = 0.1",2024-07-02 03:00:00,2024-07-03 02:00:00,13802.17184,24,575.0904933,0.98,0.1,storm_280,0.556,1,0,0,0,0
280,"FC = 0.98, SFT = 0.1",2024-07-03 11:00:00,2024-07-03 22:00:00,6486.516256,12,540.5430213,0.98,0.1,storm_281,0.556,1,0,0,0,0
281,"FC = 0.98, SFT = 0.1",2024-07-04 04:00:00,2024-07-07 09:00:00,73309.23436,78,939.8619789,0.98,0.1,storm_282,0.844,1,0,0,0,0
282,"FC = 0.98, SFT = 0.1",2024-07-09 00:00:00,2024-07-09 22:00:00,14334.97699,23,623.2598692,0.98,0.1,storm_283,0.569,1,0,0,0,0
283,"FC = 0.98, SFT = 0.1",2024-07-20 10:00:00,2024-07-21 05:00:00,10464.47486,20,523.2237429,0.98,0.1,storm_284,0.452,0,0,0,0,0
284,"FC = 0.98, SFT = 0.1",2024-07-26 02:00:00,2024-07-29 03:00:00,102570.3783,74,1386.086193,0.98,0.1,storm_285,0.959,1,0,0,0,0
285,"FC = 0.98, SFT = 0.1",2024-08-14 02:00:00,2024-08-16 03:00:00,50721.74207,50,1014.434841,0.98,0.1,storm_286,0.655,1,0,0,0,0
286,"FC = 0.98, SFT = 0.1",2024-08-17 06:00:00,2024-08-17 23:00:00,9641.454258,18,535.6363477,0.98,0.1,storm_287,0.368,0,0,0,0,0
