id,run_id,start,end,tot_q_m3,duration_hrs,intensity_m3_hr,filter_para,sf_thresh,storm_id,q_peak,Event_filter_0.5,Event_filter_1,Event_filter_2,Event_filter_10,Event_filter_20,Event_filter_3,Event_filter_0
0,"FC = 0.95, SFT = 0.2",2014-02-19 21:00:00,2014-02-20 17:00:00,32318.89408,21,1538.994956,0.95,0.2,storm_1,1.186,1,1,0,0,0,0,1
1,"FC = 0.95, SFT = 0.2",2014-03-07 16:00:00,2014-03-08 19:00:00,109717.1088,28,3918.46817,0.95,0.2,storm_2,3.148,1,1,1,0,0,1,1
2,"FC = 0.95, SFT = 0.2",2014-03-14 22:00:00,2014-03-16 13:00:00,131896.7692,40,3297.419229,0.95,0.2,storm_3,2.16,1,1,1,0,0,0,1
3,"FC = 0.95, SFT = 0.2",2014-03-16 18:00:00,2014-03-17 12:00:00,19883.56687,19,1046.503519,0.95,0.2,storm_4,1.383,1,1,0,0,0,0,1
4,"FC = 0.95, SFT = 0.2",2014-03-24 20:00:00,2014-03-25 15:00:00,15487.73108,20,774.3865542,0.95,0.2,storm_5,0.667,1,0,0,0,0,0,1
5,"FC = 0.95, SFT = 0.2",2014-03-26 21:00:00,2014-03-31 14:00:00,425766.8651,114,3734.797062,0.95,0.2,storm_6,4.334,1,1,1,0,0,1,1
6,"FC = 0.95, SFT = 0.2",2014-04-04 05:00:00,2014-04-07 21:00:00,568377.5573,89,6386.264688,0.95,0.2,storm_7,8.467,1,1,1,0,0,1,1
7,"FC = 0.95, SFT = 0.2",2014-04-11 07:00:00,2014-04-12 00:00:00,17615.94423,18,978.6635684,0.95,0.2,storm_8,1.413,1,1,0,0,0,0,1
8,"FC = 0.95, SFT = 0.2",2014-04-12 04:00:00,2014-04-13 05:00:00,27537.42492,26,1059.131728,0.95,0.2,storm_9,1.506,1,1,0,0,0,0,1
9,"FC = 0.95, SFT = 0.2",2014-05-27 15:00:00,2014-05-28 07:00:00,38173.49561,17,2245.499742,0.95,0.2,storm_10,1.864,1,1,0,0,0,0,1
10,"FC = 0.95, SFT = 0.2",2014-06-01 21:00:00,2014-06-02 21:00:00,31252.86507,25,1250.114603,0.95,0.2,storm_11,0.891,1,0,0,0,0,0,1
11,"FC = 0.95, SFT = 0.2",2014-06-22 12:00:00,2014-06-23 03:00:00,15661.47569,16,978.8422303,0.95,0.2,storm_12,0.678,1,0,0,0,0,0,1
12,"FC = 0.95, SFT = 0.2",2014-06-23 17:00:00,2014-06-24 07:00:00,26846.72408,15,1789.781605,0.95,0.2,storm_13,1.356,1,1,0,0,0,0,1
13,"FC = 0.95, SFT = 0.2",2014-06-24 15:00:00,2014-06-25 07:00:00,33817.20613,17,1989.247419,0.95,0.2,storm_14,1.519,1,1,0,0,0,0,1
14,"FC = 0.95, SFT = 0.2",2014-06-28 09:00:00,2014-06-29 06:00:00,33721.87925,22,1532.812693,0.95,0.2,storm_15,1.083,1,1,0,0,0,0,1
15,"FC = 0.95, SFT = 0.2",2014-07-25 15:00:00,2014-07-26 03:00:00,22495.57282,13,1730.428679,0.95,0.2,storm_16,1.128,1,1,0,0,0,0,1
16,"FC = 0.95, SFT = 0.2",2014-07-26 16:00:00,2014-07-27 23:00:00,38023.87808,32,1188.24619,0.95,0.2,storm_17,0.767,1,0,0,0,0,0,1
17,"FC = 0.95, SFT = 0.2",2014-07-31 14:00:00,2014-08-01 15:00:00,65083.75009,26,2503.221157,0.95,0.2,storm_18,1.823,1,1,0,0,0,0,1
18,"FC = 0.95, SFT = 0.2",2014-08-17 06:00:00,2014-08-20 18:00:00,225838.1995,85,2656.919994,0.95,0.2,storm_19,2.848,1,1,1,0,0,0,1
19,"FC = 0.95, SFT = 0.2",2014-08-27 06:00:00,2014-08-28 12:00:00,66289.7511,31,2138.379068,0.95,0.2,storm_20,1.76,1,1,0,0,0,0,1
20,"FC = 0.95, SFT = 0.2",2014-09-10 06:00:00,2014-09-12 03:00:00,108676.5175,46,2362.532988,0.95,0.2,storm_21,2.088,1,1,1,0,0,0,1
21,"FC = 0.95, SFT = 0.2",2014-09-30 13:00:00,2014-10-01 05:00:00,45788.96441,17,2693.468495,0.95,0.2,storm_22,1.833,1,1,0,0,0,0,1
22,"FC = 0.95, SFT = 0.2",2014-11-01 12:00:00,2014-11-02 02:00:00,40315.61423,15,2687.707615,0.95,0.2,storm_23,1.973,1,1,0,0,0,0,1
23,"FC = 0.95, SFT = 0.2",2014-11-16 15:00:00,2014-11-17 02:00:00,19061.85421,12,1588.487851,0.95,0.2,storm_24,0.91,1,0,0,0,0,0,1
24,"FC = 0.95, SFT = 0.2",2014-12-01 04:00:00,2014-12-01 22:00:00,21725.87757,19,1143.467241,0.95,0.2,storm_25,0.714,1,0,0,0,0,0,1
25,"FC = 0.95, SFT = 0.2",2014-12-02 14:00:00,2014-12-03 01:00:00,13025.11153,12,1085.425961,0.95,0.2,storm_26,0.82,1,0,0,0,0,0,1
26,"FC = 0.95, SFT = 0.2",2014-12-06 10:00:00,2014-12-08 03:00:00,117411.3184,42,2795.507581,0.95,0.2,storm_27,2.331,1,1,1,0,0,0,1
27,"FC = 0.95, SFT = 0.2",2014-12-08 11:00:00,2014-12-09 23:00:00,120218.4076,37,3249.146151,0.95,0.2,storm_28,3.523,1,1,1,0,0,1,1
28,"FC = 0.95, SFT = 0.2",2014-12-11 02:00:00,2014-12-12 23:00:00,48835.14518,46,1061.633591,0.95,0.2,storm_29,1.399,1,1,0,0,0,0,1
29,"FC = 0.95, SFT = 0.2",2014-12-16 15:00:00,2014-12-17 03:00:00,34241.11826,13,2633.932174,0.95,0.2,storm_30,1.944,1,1,0,0,0,0,1
30,"FC = 0.95, SFT = 0.2",2014-12-25 16:00:00,2014-12-27 00:00:00,69553.73401,33,2107.688909,0.95,0.2,storm_31,1.633,1,1,0,0,0,0,1
31,"FC = 0.95, SFT = 0.2",2015-01-04 21:00:00,2015-01-06 09:00:00,276074.4697,37,7461.472154,0.95,0.2,storm_32,6.667,1,1,1,0,0,1,1
32,"FC = 0.95, SFT = 0.2",2015-01-10 07:00:00,2015-01-15 07:00:00,368949.623,121,3049.170438,0.95,0.2,storm_33,3.859,1,1,1,0,0,1,1
33,"FC = 0.95, SFT = 0.2",2015-01-27 15:00:00,2015-01-28 05:00:00,13298.18917,15,886.5459448,0.95,0.2,storm_34,0.84,1,0,0,0,0,0,1
34,"FC = 0.95, SFT = 0.2",2015-04-03 21:00:00,2015-04-05 12:00:00,44359.94656,40,1108.998664,0.95,0.2,storm_35,0.905,1,0,0,0,0,0,1
35,"FC = 0.95, SFT = 0.2",2015-04-07 17:00:00,2015-04-08 13:00:00,29263.16809,21,1393.484195,0.95,0.2,storm_36,1.018,1,1,0,0,0,0,1
36,"FC = 0.95, SFT = 0.2",2015-04-20 15:00:00,2015-04-28 07:00:00,2251720.775,185,12171.46365,0.95,0.2,storm_37,17.709,1,1,1,1,0,1,1
37,"FC = 0.95, SFT = 0.2",2015-05-02 17:00:00,2015-05-03 20:00:00,28286.36298,28,1010.227249,0.95,0.2,storm_38,1.712,1,1,0,0,0,0,1
38,"FC = 0.95, SFT = 0.2",2015-05-04 07:00:00,2015-05-06 03:00:00,67465.11823,45,1499.22485,0.95,0.2,storm_39,2.227,1,1,1,0,0,0,1
39,"FC = 0.95, SFT = 0.2",2015-05-10 14:00:00,2015-05-11 05:00:00,32202.32299,16,2012.645187,0.95,0.2,storm_40,1.762,1,1,0,0,0,0,1
40,"FC = 0.95, SFT = 0.2",2015-05-19 20:00:00,2015-05-21 00:00:00,37654.04125,29,1298.415215,0.95,0.2,storm_41,1.315,1,1,0,0,0,0,1
41,"FC = 0.95, SFT = 0.2",2015-06-16 18:00:00,2015-06-18 21:00:00,67386.25515,52,1295.889522,0.95,0.2,storm_42,1.198,1,1,0,0,0,0,1
42,"FC = 0.95, SFT = 0.2",2015-07-12 03:00:00,2015-07-14 22:00:00,105015.1792,68,1544.34087,0.95,0.2,storm_43,1.733,1,1,0,0,0,0,1
43,"FC = 0.95, SFT = 0.2",2015-07-17 05:00:00,2015-07-19 17:00:00,96960.61345,61,1589.518253,0.95,0.2,storm_44,1.887,1,1,0,0,0,0,1
44,"FC = 0.95, SFT = 0.2",2015-07-24 17:00:00,2015-07-25 08:00:00,18072.37724,16,1129.523578,0.95,0.2,storm_45,1.287,1,1,0,0,0,0,1
45,"FC = 0.95, SFT = 0.2",2015-08-01 18:00:00,2015-08-02 08:00:00,22830.85812,15,1522.057208,0.95,0.2,storm_46,1.168,1,1,0,0,0,0,1
46,"FC = 0.95, SFT = 0.2",2015-08-10 18:00:00,2015-08-11 09:00:00,16172.58911,16,1010.78682,0.95,0.2,storm_47,0.856,1,0,0,0,0,0,1
47,"FC = 0.95, SFT = 0.2",2015-08-22 17:00:00,2015-08-23 04:00:00,21567.3121,12,1797.276008,0.95,0.2,storm_48,1.186,1,1,0,0,0,0,1
48,"FC = 0.95, SFT = 0.2",2015-08-23 21:00:00,2015-08-28 00:00:00,171638.2555,100,1716.382555,0.95,0.2,storm_49,1.577,1,1,0,0,0,0,1
49,"FC = 0.95, SFT = 0.2",2015-09-15 13:00:00,2015-09-16 03:00:00,49025.22492,15,3268.348328,0.95,0.2,storm_50,2.074,1,1,1,0,0,0,1
50,"FC = 0.95, SFT = 0.2",2015-10-19 18:00:00,2015-10-20 23:00:00,82660.84699,30,2755.361566,0.95,0.2,storm_51,1.89,1,1,0,0,0,0,1
51,"FC = 0.95, SFT = 0.2",2015-10-21 11:00:00,2015-10-21 23:00:00,15217.00542,13,1170.538879,0.95,0.2,storm_52,1.165,1,1,0,0,0,0,1
52,"FC = 0.95, SFT = 0.2",2015-11-01 17:00:00,2015-11-03 01:00:00,50921.60134,33,1543.078828,0.95,0.2,storm_53,1.396,1,1,0,0,0,0,1
53,"FC = 0.95, SFT = 0.2",2015-11-05 20:00:00,2015-11-08 12:00:00,117526.2425,65,1808.096038,0.95,0.2,storm_54,1.743,1,1,0,0,0,0,1
54,"FC = 0.95, SFT = 0.2",2015-11-20 16:00:00,2015-11-21 05:00:00,26310.60264,14,1879.32876,0.95,0.2,storm_55,1.161,1,1,0,0,0,0,1
55,"FC = 0.95, SFT = 0.2",2015-11-26 12:00:00,2015-11-27 00:00:00,17061.41078,13,1312.416214,0.95,0.2,storm_56,0.998,1,0,0,0,0,0,1
56,"FC = 0.95, SFT = 0.2",2015-12-01 17:00:00,2015-12-02 04:00:00,14246.54179,12,1187.211816,0.95,0.2,storm_57,0.73,1,0,0,0,0,0,1
57,"FC = 0.95, SFT = 0.2",2015-12-20 18:00:00,2015-12-21 05:00:00,14933.34611,12,1244.445509,0.95,0.2,storm_58,0.624,1,0,0,0,0,0,1
58,"FC = 0.95, SFT = 0.2",2015-12-22 12:00:00,2015-12-24 01:00:00,59308.55125,38,1560.751349,0.95,0.2,storm_59,0.891,1,0,0,0,0,0,1
59,"FC = 0.95, SFT = 0.2",2016-01-05 16:00:00,2016-01-07 17:00:00,94458.91585,50,1889.178317,0.95,0.2,storm_60,1.695,1,1,0,0,0,0,1
60,"FC = 0.95, SFT = 0.2",2016-01-15 08:00:00,2016-01-16 21:00:00,100970.6906,38,2657.123438,0.95,0.2,storm_61,1.858,1,1,0,0,0,0,1
61,"FC = 0.95, SFT = 0.2",2016-01-21 16:00:00,2016-01-25 04:00:00,272381.7936,85,3204.491689,0.95,0.2,storm_62,3.841,1,1,1,0,0,1,1
62,"FC = 0.95, SFT = 0.2",2016-01-31 15:00:00,2016-02-01 05:00:00,23732.96017,15,1582.197344,0.95,0.2,storm_63,1.219,1,1,0,0,0,0,1
63,"FC = 0.95, SFT = 0.2",2016-02-04 10:00:00,2016-02-05 03:00:00,25573.13288,18,1420.729604,0.95,0.2,storm_64,0.945,1,0,0,0,0,0,1
64,"FC = 0.95, SFT = 0.2",2016-03-10 17:00:00,2016-03-13 07:00:00,201708.5276,63,3201.72266,0.95,0.2,storm_65,2.811,1,1,1,0,0,0,1
65,"FC = 0.95, SFT = 0.2",2016-03-18 14:00:00,2016-03-19 02:00:00,25473.88696,13,1959.529766,0.95,0.2,storm_66,1.322,1,1,0,0,0,0,1
66,"FC = 0.95, SFT = 0.2",2016-05-01 15:00:00,2016-05-02 05:00:00,27990.42624,15,1866.028416,0.95,0.2,storm_67,1.261,1,1,0,0,0,0,1
67,"FC = 0.95, SFT = 0.2",2016-05-09 09:00:00,2016-05-10 11:00:00,42670.31466,27,1580.382024,0.95,0.2,storm_68,1.236,1,1,0,0,0,0,1
68,"FC = 0.95, SFT = 0.2",2016-05-10 15:00:00,2016-05-11 03:00:00,14970.9399,13,1151.610761,0.95,0.2,storm_69,0.84,1,0,0,0,0,0,1
69,"FC = 0.95, SFT = 0.2",2016-05-12 00:00:00,2016-05-12 11:00:00,11741.57713,12,978.4647606,0.95,0.2,storm_70,0.505,1,0,0,0,0,0,1
70,"FC = 0.95, SFT = 0.2",2016-05-26 10:00:00,2016-05-27 01:00:00,28468.92587,16,1779.307867,0.95,0.2,storm_71,1.157,1,1,0,0,0,0,1
71,"FC = 0.95, SFT = 0.2",2016-06-04 14:00:00,2016-06-08 07:00:00,538968.6779,90,5988.540866,0.95,0.2,storm_72,6.573,1,1,1,0,0,1,1
72,"FC = 0.95, SFT = 0.2",2016-06-09 10:00:00,2016-06-11 09:00:00,81235.92515,48,1692.415107,0.95,0.2,storm_73,2.222,1,1,1,0,0,0,1
73,"FC = 0.95, SFT = 0.2",2016-06-18 13:00:00,2016-06-22 06:00:00,610259.8119,90,6780.664577,0.95,0.2,storm_74,7.841,1,1,1,0,0,1,1
74,"FC = 0.95, SFT = 0.2",2016-06-22 14:00:00,2016-06-24 05:00:00,51903.40856,40,1297.585214,0.95,0.2,storm_75,2.561,1,1,1,0,0,0,1
75,"FC = 0.95, SFT = 0.2",2016-06-24 18:00:00,2016-06-26 18:00:00,52357.40628,49,1068.518495,0.95,0.2,storm_76,2.115,1,1,1,0,0,0,1
76,"FC = 0.95, SFT = 0.2",2016-06-30 16:00:00,2016-07-01 09:00:00,31030.24196,18,1723.902331,0.95,0.2,storm_77,1.667,1,1,0,0,0,0,1
77,"FC = 0.95, SFT = 0.2",2016-07-05 13:00:00,2016-07-07 22:00:00,110304.3692,58,1901.799468,0.95,0.2,storm_78,1.804,1,1,0,0,0,0,1
78,"FC = 0.95, SFT = 0.2",2016-07-08 16:00:00,2016-07-10 23:00:00,398668.3492,56,7119.077664,0.95,0.2,storm_79,6.752,1,1,1,0,0,1,1
79,"FC = 0.95, SFT = 0.2",2016-07-11 14:00:00,2016-07-14 15:00:00,232562.1824,74,3142.732194,0.95,0.2,storm_80,4.462,1,1,1,0,0,1,1
80,"FC = 0.95, SFT = 0.2",2016-07-20 06:00:00,2016-07-26 14:00:00,1461562.699,153,9552.697376,0.95,0.2,storm_81,19.8,1,1,1,1,0,1,1
81,"FC = 0.95, SFT = 0.2",2016-08-02 18:00:00,2016-08-05 01:00:00,436538.6581,56,7795.33318,0.95,0.2,storm_82,6.69,1,1,1,0,0,1,1
82,"FC = 0.95, SFT = 0.2",2016-08-05 06:00:00,2016-08-07 11:00:00,72913.45887,54,1350.249238,0.95,0.2,storm_83,3.097,1,1,1,0,0,1,1
83,"FC = 0.95, SFT = 0.2",2016-08-10 10:00:00,2016-08-11 00:00:00,33194.14348,15,2212.942899,0.95,0.2,storm_84,2.169,1,1,1,0,0,0,1
84,"FC = 0.95, SFT = 0.2",2016-08-19 15:00:00,2016-08-20 07:00:00,39152.58532,17,2303.093254,0.95,0.2,storm_85,1.915,1,1,0,0,0,0,1
85,"FC = 0.95, SFT = 0.2",2016-08-20 15:00:00,2016-08-21 03:00:00,17593.2534,13,1353.327185,0.95,0.2,storm_86,1.083,1,1,0,0,0,0,1
86,"FC = 0.95, SFT = 0.2",2016-08-22 19:00:00,2016-08-24 10:00:00,47935.782,40,1198.39455,0.95,0.2,storm_87,1.339,1,1,0,0,0,0,1
87,"FC = 0.95, SFT = 0.2",2016-08-24 17:00:00,2016-08-27 23:00:00,493070.5658,79,6241.399567,0.95,0.2,storm_88,7.589,1,1,1,0,0,1,1
88,"FC = 0.95, SFT = 0.2",2016-08-31 09:00:00,2016-09-01 00:00:00,33975.65086,16,2123.478179,0.95,0.2,storm_89,2.211,1,1,1,0,0,0,1
89,"FC = 0.95, SFT = 0.2",2016-09-01 11:00:00,2016-09-08 06:00:00,2275280.749,164,13873.6631,0.95,0.2,storm_90,30.572,1,1,1,1,1,1,1
90,"FC = 0.95, SFT = 0.2",2016-09-10 03:00:00,2016-09-12 13:00:00,170018.6249,59,2881.671608,0.95,0.2,storm_91,3.792,1,1,1,0,0,1,1
91,"FC = 0.95, SFT = 0.2",2016-09-15 13:00:00,2016-09-16 00:00:00,14885.33216,12,1240.444346,0.95,0.2,storm_92,2.005,1,1,1,0,0,0,1
92,"FC = 0.95, SFT = 0.2",2016-09-18 16:00:00,2016-09-21 03:00:00,920097.3108,60,15334.95518,0.95,0.2,storm_93,15.934,1,1,1,1,0,1,1
93,"FC = 0.95, SFT = 0.2",2016-09-21 16:00:00,2016-09-25 01:00:00,438074.4348,82,5342.371156,0.95,0.2,storm_94,7.854,1,1,1,0,0,1,1
94,"FC = 0.95, SFT = 0.2",2016-09-26 04:00:00,2016-09-27 21:00:00,54474.27019,42,1297.006433,0.95,0.2,storm_95,2.9,1,1,1,0,0,0,1
95,"FC = 0.95, SFT = 0.2",2016-09-29 12:00:00,2016-10-03 15:00:00,286643.6159,100,2866.436159,0.95,0.2,storm_96,4.401,1,1,1,0,0,1,1
96,"FC = 0.95, SFT = 0.2",2016-10-04 04:00:00,2016-10-05 02:00:00,38024.17722,23,1653.225097,0.95,0.2,storm_97,2.078,1,1,1,0,0,0,1
97,"FC = 0.95, SFT = 0.2",2016-10-05 12:00:00,2016-10-06 18:00:00,48712.29463,31,1571.364343,0.95,0.2,storm_98,2.003,1,1,1,0,0,0,1
98,"FC = 0.95, SFT = 0.2",2016-10-10 11:00:00,2016-10-10 22:00:00,27230.55497,12,2269.212914,0.95,0.2,storm_99,1.721,1,1,0,0,0,0,1
99,"FC = 0.95, SFT = 0.2",2016-10-11 10:00:00,2016-10-12 23:00:00,33219.20629,38,874.1896391,0.95,0.2,storm_100,1.011,1,1,0,0,0,0,1
100,"FC = 0.95, SFT = 0.2",2016-10-16 13:00:00,2016-10-17 15:00:00,53731.31208,27,1990.048596,0.95,0.2,storm_101,1.729,1,1,0,0,0,0,1
101,"FC = 0.95, SFT = 0.2",2016-10-18 00:00:00,2016-10-19 18:00:00,80800.95119,43,1879.091888,0.95,0.2,storm_102,1.701,1,1,0,0,0,0,1
102,"FC = 0.95, SFT = 0.2",2016-10-22 06:00:00,2016-10-24 13:00:00,98527.20193,56,1759.41432,0.95,0.2,storm_103,1.638,1,1,0,0,0,0,1
103,"FC = 0.95, SFT = 0.2",2016-10-26 15:00:00,2016-10-27 02:00:00,15526.25184,12,1293.85432,0.95,0.2,storm_104,1.016,1,1,0,0,0,0,1
104,"FC = 0.95, SFT = 0.2",2016-10-30 11:00:00,2016-11-02 11:00:00,174337.5234,73,2388.185252,0.95,0.2,storm_105,2.126,1,1,1,0,0,0,1
105,"FC = 0.95, SFT = 0.2",2016-11-12 06:00:00,2016-11-14 11:00:00,264412.4111,54,4896.526131,0.95,0.2,storm_106,3.422,1,1,1,0,0,1,1
106,"FC = 0.95, SFT = 0.2",2016-11-20 01:00:00,2016-11-20 19:00:00,21454.12827,19,1129.164646,0.95,0.2,storm_107,1.056,1,1,0,0,0,0,1
107,"FC = 0.95, SFT = 0.2",2016-11-23 15:00:00,2016-11-24 02:00:00,15658.62788,12,1304.885656,0.95,0.2,storm_108,1.116,1,1,0,0,0,0,1
108,"FC = 0.95, SFT = 0.2",2016-12-08 15:00:00,2016-12-09 04:00:00,24139.98677,14,1724.284769,0.95,0.2,storm_109,1.084,1,1,0,0,0,0,1
109,"FC = 0.95, SFT = 0.2",2016-12-16 08:00:00,2016-12-19 04:00:00,297877.2975,69,4317.062282,0.95,0.2,storm_110,3.361,1,1,1,0,0,1,1
110,"FC = 0.95, SFT = 0.2",2016-12-20 15:00:00,2016-12-21 02:00:00,17052.24122,12,1421.020102,0.95,0.2,storm_111,1.046,1,1,0,0,0,0,1
111,"FC = 0.95, SFT = 0.2",2016-12-24 20:00:00,2016-12-25 19:00:00,44970.13935,24,1873.755806,0.95,0.2,storm_112,1.364,1,1,0,0,0,0,1
112,"FC = 0.95, SFT = 0.2",2017-02-28 09:00:00,2017-03-01 03:00:00,19605.87823,19,1031.888328,0.95,0.2,storm_113,0.655,1,0,0,0,0,0,1
113,"FC = 0.95, SFT = 0.2",2017-03-14 19:00:00,2017-03-15 12:00:00,20974.35477,18,1165.241932,0.95,0.2,storm_114,0.709,1,0,0,0,0,0,1
114,"FC = 0.95, SFT = 0.2",2017-03-18 13:00:00,2017-03-20 09:00:00,82108.1009,45,1824.624464,0.95,0.2,storm_115,1.419,1,1,0,0,0,0,1
115,"FC = 0.95, SFT = 0.2",2017-03-21 18:00:00,2017-03-24 13:00:00,305334.2077,68,4490.208937,0.95,0.2,storm_116,5.121,1,1,1,0,0,1,1
116,"FC = 0.95, SFT = 0.2",2017-03-30 15:00:00,2017-04-01 09:00:00,95215.58253,43,2214.315873,0.95,0.2,storm_117,1.58,1,1,0,0,0,0,1
117,"FC = 0.95, SFT = 0.2",2017-04-25 15:00:00,2017-04-26 05:00:00,26171.82791,15,1744.788528,0.95,0.2,storm_118,1.291,1,1,0,0,0,0,1
118,"FC = 0.95, SFT = 0.2",2017-05-20 09:00:00,2017-05-21 09:00:00,41200.41359,25,1648.016544,0.95,0.2,storm_119,1.092,1,1,0,0,0,0,1
119,"FC = 0.95, SFT = 0.2",2017-07-13 06:00:00,2017-07-14 08:00:00,27205.36332,27,1007.606049,0.95,0.2,storm_120,0.809,1,0,0,0,0,0,1
120,"FC = 0.95, SFT = 0.2",2017-07-14 15:00:00,2017-07-15 03:00:00,20595.51,13,1584.27,0.95,0.2,storm_121,1.397,1,1,0,0,0,0,1
121,"FC = 0.95, SFT = 0.2",2017-07-18 15:00:00,2017-07-19 02:00:00,31624.52235,12,2635.376862,0.95,0.2,storm_122,1.866,1,1,0,0,0,0,1
122,"FC = 0.95, SFT = 0.2",2017-07-19 18:00:00,2017-07-20 22:00:00,24882.37347,29,858.0128782,0.95,0.2,storm_123,0.839,1,0,0,0,0,0,1
123,"FC = 0.95, SFT = 0.2",2017-08-04 02:00:00,2017-08-05 11:00:00,42536.10898,34,1251.062029,0.95,0.2,storm_124,1.048,1,1,0,0,0,0,1
124,"FC = 0.95, SFT = 0.2",2017-08-05 14:00:00,2017-08-06 02:00:00,21395.57234,13,1645.813257,0.95,0.2,storm_125,1.296,1,1,0,0,0,0,1
125,"FC = 0.95, SFT = 0.2",2017-08-06 15:00:00,2017-08-07 04:00:00,31054.08882,14,2218.149201,0.95,0.2,storm_126,1.505,1,1,0,0,0,0,1
126,"FC = 0.95, SFT = 0.2",2017-08-10 17:00:00,2017-08-11 05:00:00,20083.47868,13,1544.882975,0.95,0.2,storm_127,0.826,1,0,0,0,0,0,1
127,"FC = 0.95, SFT = 0.2",2017-08-16 07:00:00,2017-08-17 00:00:00,24366.7207,18,1353.706706,0.95,0.2,storm_128,1.138,1,1,0,0,0,0,1
128,"FC = 0.95, SFT = 0.2",2017-09-03 15:00:00,2017-09-04 05:00:00,42826.53296,15,2855.102197,0.95,0.2,storm_129,2.016,1,1,1,0,0,0,1
129,"FC = 0.95, SFT = 0.2",2017-09-05 19:00:00,2017-09-06 11:00:00,24019.49229,17,1412.911311,0.95,0.2,storm_130,1.03,1,1,0,0,0,0,1
130,"FC = 0.95, SFT = 0.2",2017-09-13 14:00:00,2017-09-14 02:00:00,31112.45368,13,2393.265668,0.95,0.2,storm_131,1.47,1,1,0,0,0,0,1
131,"FC = 0.95, SFT = 0.2",2017-09-16 14:00:00,2017-09-17 02:00:00,25516.32921,13,1962.794555,0.95,0.2,storm_132,1.383,1,1,0,0,0,0,1
132,"FC = 0.95, SFT = 0.2",2017-09-18 16:00:00,2017-09-19 04:00:00,21641.04655,13,1664.695888,0.95,0.2,storm_133,0.854,1,0,0,0,0,0,1
133,"FC = 0.95, SFT = 0.2",2017-09-23 16:00:00,2017-09-24 11:00:00,41623.62536,20,2081.181268,0.95,0.2,storm_134,1.844,1,1,0,0,0,0,1
134,"FC = 0.95, SFT = 0.2",2017-09-25 20:00:00,2017-09-28 23:00:00,107713.4071,76,1417.281673,0.95,0.2,storm_135,1.301,1,1,0,0,0,0,1
135,"FC = 0.95, SFT = 0.2",2017-10-11 11:00:00,2017-10-12 12:00:00,358341.8166,26,13782.37756,0.95,0.2,storm_136,7.012,1,1,1,0,0,1,1
136,"FC = 0.95, SFT = 0.2",2017-10-18 16:00:00,2017-10-20 01:00:00,28140.97872,34,827.6758448,0.95,0.2,storm_137,1.086,1,1,0,0,0,0,1
137,"FC = 0.95, SFT = 0.2",2017-10-20 05:00:00,2017-10-22 11:00:00,242295.2911,55,4405.36893,0.95,0.2,storm_138,4.697,1,1,1,0,0,1,1
138,"FC = 0.95, SFT = 0.2",2017-10-23 07:00:00,2017-10-23 18:00:00,11201.15892,12,933.4299098,0.95,0.2,storm_139,1.699,1,1,0,0,0,0,1
139,"FC = 0.95, SFT = 0.2",2017-10-25 12:00:00,2017-10-26 00:00:00,16027.28193,13,1232.867841,0.95,0.2,storm_140,1.63,1,1,0,0,0,0,1
140,"FC = 0.95, SFT = 0.2",2017-10-26 16:00:00,2017-10-27 19:00:00,33095.91148,28,1181.996838,0.95,0.2,storm_141,1.389,1,1,0,0,0,0,1
141,"FC = 0.95, SFT = 0.2",2017-10-30 11:00:00,2017-10-31 02:00:00,54438.23977,16,3402.389985,0.95,0.2,storm_142,2.827,1,1,1,0,0,0,1
142,"FC = 0.95, SFT = 0.2",2017-10-31 14:00:00,2017-11-02 23:00:00,70342.40188,58,1212.800032,0.95,0.2,storm_143,0.929,1,0,0,0,0,0,1
143,"FC = 0.95, SFT = 0.2",2017-11-04 11:00:00,2017-11-05 01:00:00,12651.40992,15,843.427328,0.95,0.2,storm_144,0.919,1,0,0,0,0,0,1
144,"FC = 0.95, SFT = 0.2",2017-11-06 05:00:00,2017-11-07 01:00:00,38162.01837,21,1817.23897,0.95,0.2,storm_145,1.804,1,1,0,0,0,0,1
145,"FC = 0.95, SFT = 0.2",2017-11-07 23:00:00,2017-11-10 03:00:00,62806.78573,53,1185.033693,0.95,0.2,storm_146,1.026,1,1,0,0,0,0,1
146,"FC = 0.95, SFT = 0.2",2017-11-15 06:00:00,2017-11-16 00:00:00,17441.25155,19,917.9606079,0.95,0.2,storm_147,0.932,1,0,0,0,0,0,1
147,"FC = 0.95, SFT = 0.2",2017-11-18 19:00:00,2017-11-19 10:00:00,15848.08743,16,990.5054644,0.95,0.2,storm_148,0.758,1,0,0,0,0,0,1
148,"FC = 0.95, SFT = 0.2",2017-11-22 12:00:00,2017-11-23 00:00:00,10341.21401,13,795.4780006,0.95,0.2,storm_149,0.895,1,0,0,0,0,0,1
149,"FC = 0.95, SFT = 0.2",2017-11-29 08:00:00,2017-11-30 02:00:00,19873.59308,19,1045.978583,0.95,0.2,storm_150,0.964,1,0,0,0,0,0,1
150,"FC = 0.95, SFT = 0.2",2017-12-01 16:00:00,2017-12-02 04:00:00,14967.95101,13,1151.380847,0.95,0.2,storm_151,0.712,1,0,0,0,0,0,1
151,"FC = 0.95, SFT = 0.2",2017-12-02 12:00:00,2017-12-03 22:00:00,61005.53132,35,1743.015181,0.95,0.2,storm_152,1.361,1,1,0,0,0,0,1
152,"FC = 0.95, SFT = 0.2",2017-12-05 21:00:00,2017-12-08 02:00:00,142744.9961,54,2643.425854,0.95,0.2,storm_153,2.746,1,1,1,0,0,0,1
153,"FC = 0.95, SFT = 0.2",2017-12-16 14:00:00,2017-12-19 12:00:00,215160.8437,71,3030.434418,0.95,0.2,storm_154,3.671,1,1,1,0,0,1,1
154,"FC = 0.95, SFT = 0.2",2017-12-19 15:00:00,2017-12-20 04:00:00,24837.77433,14,1774.126738,0.95,0.2,storm_155,1.215,1,1,0,0,0,0,1
155,"FC = 0.95, SFT = 0.2",2017-12-30 10:00:00,2017-12-30 23:00:00,16105.5255,14,1150.394679,0.95,0.2,storm_156,0.915,1,0,0,0,0,0,1
156,"FC = 0.95, SFT = 0.2",2018-01-09 11:00:00,2018-01-10 07:00:00,39521.22811,21,1881.963243,0.95,0.2,storm_157,1.169,1,1,0,0,0,0,1
157,"FC = 0.95, SFT = 0.2",2018-02-25 17:00:00,2018-02-28 02:00:00,224107.1845,58,3863.916974,0.95,0.2,storm_158,2.824,1,1,1,0,0,0,1
158,"FC = 0.95, SFT = 0.2",2018-03-06 01:00:00,2018-03-06 18:00:00,20834.97877,18,1157.49882,0.95,0.2,storm_159,0.726,1,0,0,0,0,0,1
159,"FC = 0.95, SFT = 0.2",2018-03-18 16:00:00,2018-03-19 05:00:00,39030.1714,14,2787.869385,0.95,0.2,storm_160,1.829,1,1,0,0,0,0,1
160,"FC = 0.95, SFT = 0.2",2018-03-25 16:00:00,2018-03-26 04:00:00,34258.91648,13,2635.301268,0.95,0.2,storm_161,1.655,1,1,0,0,0,0,1
161,"FC = 0.95, SFT = 0.2",2018-03-26 12:00:00,2018-03-26 23:00:00,11798.02504,12,983.1687533,0.95,0.2,storm_162,0.634,1,0,0,0,0,0,1
162,"FC = 0.95, SFT = 0.2",2018-03-30 15:00:00,2018-04-01 07:00:00,88736.49805,41,2164.304831,0.95,0.2,storm_163,1.824,1,1,0,0,0,0,1
163,"FC = 0.95, SFT = 0.2",2018-04-07 20:00:00,2018-04-08 17:00:00,26783.64316,22,1217.438325,0.95,0.2,storm_164,1.2,1,1,0,0,0,0,1
164,"FC = 0.95, SFT = 0.2",2018-04-12 18:00:00,2018-04-15 10:00:00,171638.5019,65,2640.592336,0.95,0.2,storm_165,3.062,1,1,1,0,0,1,1
165,"FC = 0.95, SFT = 0.2",2018-04-15 22:00:00,2018-04-16 13:00:00,22497.50183,16,1406.093864,0.95,0.2,storm_166,1.6,1,1,0,0,0,0,1
166,"FC = 0.95, SFT = 0.2",2018-04-19 09:00:00,2018-04-21 14:00:00,94823.72472,54,1755.994902,0.95,0.2,storm_167,1.387,1,1,0,0,0,0,1
167,"FC = 0.95, SFT = 0.2",2018-04-30 23:00:00,2018-05-01 18:00:00,20340.68063,20,1017.034032,0.95,0.2,storm_168,1.081,1,1,0,0,0,0,1
168,"FC = 0.95, SFT = 0.2",2018-05-02 06:00:00,2018-05-04 03:00:00,69410.14054,46,1508.916099,0.95,0.2,storm_169,1.616,1,1,0,0,0,0,1
169,"FC = 0.95, SFT = 0.2",2018-05-04 14:00:00,2018-05-05 11:00:00,41222.08648,22,1873.731204,0.95,0.2,storm_170,1.883,1,1,0,0,0,0,1
170,"FC = 0.95, SFT = 0.2",2018-05-06 05:00:00,2018-05-07 16:00:00,40565.5437,36,1126.820658,0.95,0.2,storm_171,0.908,1,0,0,0,0,0,1
171,"FC = 0.95, SFT = 0.2",2018-05-07 19:00:00,2018-05-08 06:00:00,22472.10216,12,1872.67518,0.95,0.2,storm_172,1.553,1,1,0,0,0,0,1
172,"FC = 0.95, SFT = 0.2",2018-05-10 16:00:00,2018-05-11 07:00:00,45136.47419,16,2821.029637,0.95,0.2,storm_173,2.346,1,1,1,0,0,0,1
173,"FC = 0.95, SFT = 0.2",2018-05-11 15:00:00,2018-05-12 18:00:00,63513.16595,28,2268.327355,0.95,0.2,storm_174,1.673,1,1,0,0,0,0,1
174,"FC = 0.95, SFT = 0.2",2018-05-14 00:00:00,2018-05-15 21:00:00,66465.9043,46,1444.910963,0.95,0.2,storm_175,0.833,1,0,0,0,0,0,1
175,"FC = 0.95, SFT = 0.2",2018-05-18 00:00:00,2018-05-18 21:00:00,26883.12987,22,1221.960449,0.95,0.2,storm_176,1.044,1,1,0,0,0,0,1
176,"FC = 0.95, SFT = 0.2",2018-05-23 15:00:00,2018-05-24 15:00:00,29877.85843,25,1195.114337,0.95,0.2,storm_177,0.809,1,0,0,0,0,0,1
177,"FC = 0.95, SFT = 0.2",2018-06-07 10:00:00,2018-06-07 23:00:00,12609.27437,14,900.6624547,0.95,0.2,storm_178,0.533,1,0,0,0,0,0,1
178,"FC = 0.95, SFT = 0.2",2018-06-28 16:00:00,2018-06-29 08:00:00,16370.84391,17,962.9908182,0.95,0.2,storm_179,0.667,1,0,0,0,0,0,1
179,"FC = 0.95, SFT = 0.2",2018-06-30 14:00:00,2018-07-01 02:00:00,16471.57577,13,1267.04429,0.95,0.2,storm_180,0.888,1,0,0,0,0,0,1
180,"FC = 0.95, SFT = 0.2",2018-07-06 08:00:00,2018-07-07 02:00:00,51161.21823,19,2692.695696,0.95,0.2,storm_181,1.649,1,1,0,0,0,0,1
181,"FC = 0.95, SFT = 0.2",2018-07-17 17:00:00,2018-07-18 12:00:00,34017.37855,20,1700.868927,0.95,0.2,storm_182,1.346,1,1,0,0,0,0,1
182,"FC = 0.95, SFT = 0.2",2018-07-19 18:00:00,2018-07-20 05:00:00,17802.56264,12,1483.546887,0.95,0.2,storm_183,0.779,1,0,0,0,0,0,1
183,"FC = 0.95, SFT = 0.2",2018-07-29 12:00:00,2018-07-30 02:00:00,24124.0822,15,1608.272147,0.95,0.2,storm_184,1.185,1,1,0,0,0,0,1
184,"FC = 0.95, SFT = 0.2",2018-07-31 16:00:00,2018-08-01 03:00:00,18507.16554,12,1542.263795,0.95,0.2,storm_185,0.882,1,0,0,0,0,0,1
185,"FC = 0.95, SFT = 0.2",2018-08-03 16:00:00,2018-08-04 07:00:00,30689.28506,16,1918.080316,0.95,0.2,storm_186,1.26,1,1,0,0,0,0,1
186,"FC = 0.95, SFT = 0.2",2018-08-06 17:00:00,2018-08-07 04:00:00,25644.33962,12,2137.028302,0.95,0.2,storm_187,1.615,1,1,0,0,0,0,1
187,"FC = 0.95, SFT = 0.2",2018-08-11 14:00:00,2018-08-12 05:00:00,47417.33043,16,2963.583152,0.95,0.2,storm_188,1.901,1,1,0,0,0,0,1
188,"FC = 0.95, SFT = 0.2",2018-08-18 15:00:00,2018-08-19 02:00:00,25626.95896,12,2135.579913,0.95,0.2,storm_189,1.507,1,1,0,0,0,0,1
189,"FC = 0.95, SFT = 0.2",2018-09-07 08:00:00,2018-09-09 23:00:00,84122.68782,64,1314.416997,0.95,0.2,storm_190,1.41,1,1,0,0,0,0,1
190,"FC = 0.95, SFT = 0.2",2018-09-12 16:00:00,2018-09-13 03:00:00,19647.33943,12,1637.278286,0.95,0.2,storm_191,1.125,1,1,0,0,0,0,1
191,"FC = 0.95, SFT = 0.2",2018-09-15 16:00:00,2018-09-16 05:00:00,34814.90564,14,2486.778974,0.95,0.2,storm_192,1.694,1,1,0,0,0,0,1
192,"FC = 0.95, SFT = 0.2",2018-09-18 15:00:00,2018-09-19 05:00:00,25557.46667,15,1703.831111,0.95,0.2,storm_193,1.119,1,1,0,0,0,0,1
193,"FC = 0.95, SFT = 0.2",2018-10-04 20:00:00,2018-10-06 05:00:00,58048.61015,34,1707.312063,0.95,0.2,storm_194,1.194,1,1,0,0,0,0,1
194,"FC = 0.95, SFT = 0.2",2018-10-10 15:00:00,2018-10-12 04:00:00,100009.7107,38,2631.834492,0.95,0.2,storm_195,1.829,1,1,0,0,0,0,1
195,"FC = 0.95, SFT = 0.2",2018-10-18 00:00:00,2018-10-19 00:00:00,26564.63004,25,1062.585202,0.95,0.2,storm_196,1.057,1,1,0,0,0,0,1
196,"FC = 0.95, SFT = 0.2",2018-11-02 15:00:00,2018-11-03 04:00:00,35226.83234,14,2516.20231,0.95,0.2,storm_197,1.628,1,1,0,0,0,0,1
197,"FC = 0.95, SFT = 0.2",2018-11-03 12:00:00,2018-11-04 01:00:00,16690.07653,14,1192.148324,0.95,0.2,storm_198,0.886,1,0,0,0,0,0,1
198,"FC = 0.95, SFT = 0.2",2018-11-21 13:00:00,2018-11-22 04:00:00,32006.63473,16,2000.41467,0.95,0.2,storm_199,1.336,1,1,0,0,0,0,1
199,"FC = 0.95, SFT = 0.2",2018-11-22 11:00:00,2018-11-23 05:00:00,43086.26394,19,2267.698102,0.95,0.2,storm_200,1.638,1,1,0,0,0,0,1
200,"FC = 0.95, SFT = 0.2",2018-11-28 06:00:00,2018-12-01 20:00:00,699664.2421,87,8042.117726,0.95,0.2,storm_201,8.861,1,1,1,0,0,1,1
201,"FC = 0.95, SFT = 0.2",2018-12-02 12:00:00,2018-12-03 03:00:00,39407.54844,16,2462.971778,0.95,0.2,storm_202,2.04,1,1,1,0,0,0,1
202,"FC = 0.95, SFT = 0.2",2018-12-13 12:00:00,2018-12-14 01:00:00,23499.10011,14,1678.507151,0.95,0.2,storm_203,1.244,1,1,0,0,0,0,1
203,"FC = 0.95, SFT = 0.2",2018-12-14 17:00:00,2018-12-16 03:00:00,110824.6776,35,3166.419359,0.95,0.2,storm_204,2.034,1,1,1,0,0,0,1
204,"FC = 0.95, SFT = 0.2",2018-12-16 07:00:00,2018-12-17 03:00:00,57965.25364,21,2760.250173,0.95,0.2,storm_205,2.136,1,1,1,0,0,0,1
205,"FC = 0.95, SFT = 0.2",2018-12-19 16:00:00,2018-12-23 02:00:00,507519.403,83,6114.691603,0.95,0.2,storm_206,8.383,1,1,1,0,0,1,1
206,"FC = 0.95, SFT = 0.2",2019-01-11 13:00:00,2019-01-14 04:00:00,230967.8269,64,3608.872296,0.95,0.2,storm_207,3.159,1,1,1,0,0,1,1
207,"FC = 0.95, SFT = 0.2",2019-01-21 07:00:00,2019-01-23 05:00:00,125268.5849,47,2665.289039,0.95,0.2,storm_208,1.732,1,1,0,0,0,0,1
208,"FC = 0.95, SFT = 0.2",2019-01-28 23:00:00,2019-01-30 04:00:00,32287.46515,30,1076.248838,0.95,0.2,storm_209,0.97,1,0,0,0,0,0,1
209,"FC = 0.95, SFT = 0.2",2019-02-05 18:00:00,2019-02-06 13:00:00,19011.09486,20,950.5547431,0.95,0.2,storm_210,0.544,1,0,0,0,0,0,1
210,"FC = 0.95, SFT = 0.2",2019-02-09 15:00:00,2019-02-10 04:00:00,18731.72954,14,1337.980681,0.95,0.2,storm_211,0.973,1,0,0,0,0,0,1
211,"FC = 0.95, SFT = 0.2",2019-02-12 17:00:00,2019-02-13 04:00:00,23535.52862,12,1961.294052,0.95,0.2,storm_212,1.494,1,1,0,0,0,0,1
212,"FC = 0.95, SFT = 0.2",2019-03-17 10:00:00,2019-03-17 21:00:00,10049.32316,12,837.4435966,0.95,0.2,storm_213,0.592,1,0,0,0,0,0,1
213,"FC = 0.95, SFT = 0.2",2019-03-25 15:00:00,2019-03-26 06:00:00,36282.47375,16,2267.654609,0.95,0.2,storm_214,1.677,1,1,0,0,0,0,1
214,"FC = 0.95, SFT = 0.2",2019-03-30 10:00:00,2019-03-31 14:00:00,65459.09535,29,2257.210184,0.95,0.2,storm_215,1.581,1,1,0,0,0,0,1
215,"FC = 0.95, SFT = 0.2",2019-04-14 06:00:00,2019-04-14 20:00:00,11405.20041,15,760.3466942,0.95,0.2,storm_216,0.356,0,0,0,0,0,0,1
216,"FC = 0.95, SFT = 0.2",2019-04-22 00:00:00,2019-04-22 13:00:00,17812.85399,14,1272.346714,0.95,0.2,storm_217,0.725,1,0,0,0,0,0,1
217,"FC = 0.95, SFT = 0.2",2019-05-03 15:00:00,2019-05-05 08:00:00,87072.61352,42,2073.157465,0.95,0.2,storm_218,1.177,1,1,0,0,0,0,1
218,"FC = 0.95, SFT = 0.2",2019-05-10 20:00:00,2019-05-11 09:00:00,15683.88799,14,1120.277713,0.95,0.2,storm_219,1.078,1,1,0,0,0,0,1
219,"FC = 0.95, SFT = 0.2",2019-05-29 05:00:00,2019-05-30 02:00:00,25973.39589,22,1180.608904,0.95,0.2,storm_220,0.836,1,0,0,0,0,0,1
220,"FC = 0.95, SFT = 0.2",2019-06-04 14:00:00,2019-06-05 02:00:00,13040.11442,13,1003.085724,0.95,0.2,storm_221,0.627,1,0,0,0,0,0,1
221,"FC = 0.95, SFT = 0.2",2019-06-06 05:00:00,2019-06-07 03:00:00,22895.33386,23,995.4492983,0.95,0.2,storm_222,0.811,1,0,0,0,0,0,1
222,"FC = 0.95, SFT = 0.2",2019-06-14 08:00:00,2019-06-17 07:00:00,83742.52471,72,1163.090621,0.95,0.2,storm_223,1.285,1,1,0,0,0,0,1
223,"FC = 0.95, SFT = 0.2",2019-06-29 15:00:00,2019-06-30 10:00:00,40195.12119,20,2009.756059,0.95,0.2,storm_224,1.951,1,1,0,0,0,0,1
224,"FC = 0.95, SFT = 0.2",2019-07-05 12:00:00,2019-07-07 00:00:00,33034.07633,37,892.8128738,0.95,0.2,storm_225,1.089,1,1,0,0,0,0,1
225,"FC = 0.95, SFT = 0.2",2019-07-11 03:00:00,2019-07-12 01:00:00,37146.48162,23,1615.064418,0.95,0.2,storm_226,1.831,1,1,0,0,0,0,1
226,"FC = 0.95, SFT = 0.2",2019-07-12 15:00:00,2019-07-13 02:00:00,29139.43615,12,2428.286346,0.95,0.2,storm_227,1.764,1,1,0,0,0,0,1
227,"FC = 0.95, SFT = 0.2",2019-07-14 13:00:00,2019-07-15 14:00:00,37145.90561,26,1428.688677,0.95,0.2,storm_228,1.187,1,1,0,0,0,0,1
228,"FC = 0.95, SFT = 0.2",2019-07-16 12:00:00,2019-07-18 12:00:00,60814.62367,49,1241.114769,0.95,0.2,storm_229,0.814,1,0,0,0,0,0,1
229,"FC = 0.95, SFT = 0.2",2019-07-21 14:00:00,2019-07-22 01:00:00,31041.91929,12,2586.826607,0.95,0.2,storm_230,2.018,1,1,1,0,0,0,1
230,"FC = 0.95, SFT = 0.2",2019-07-22 14:00:00,2019-07-23 01:00:00,11933.33873,12,994.4448943,0.95,0.2,storm_231,0.819,1,0,0,0,0,0,1
231,"FC = 0.95, SFT = 0.2",2019-08-09 07:00:00,2019-08-10 01:00:00,37825.43508,19,1990.812373,0.95,0.2,storm_232,1.69,1,1,0,0,0,0,1
232,"FC = 0.95, SFT = 0.2",2019-08-10 15:00:00,2019-08-12 04:00:00,47555.62421,38,1251.463795,0.95,0.2,storm_233,1.061,1,1,0,0,0,0,1
233,"FC = 0.95, SFT = 0.2",2019-08-16 10:00:00,2019-08-19 02:00:00,89061.34168,65,1370.174487,0.95,0.2,storm_234,1.712,1,1,0,0,0,0,1
234,"FC = 0.95, SFT = 0.2",2019-08-24 14:00:00,2019-08-25 01:00:00,24304.52039,12,2025.376699,0.95,0.2,storm_235,1.93,1,1,0,0,0,0,1
235,"FC = 0.95, SFT = 0.2",2019-08-25 15:00:00,2019-08-26 02:00:00,9759.445244,12,813.2871037,0.95,0.2,storm_236,0.812,1,0,0,0,0,0,1
236,"FC = 0.95, SFT = 0.2",2019-09-06 13:00:00,2019-09-07 02:00:00,56092.12955,14,4006.580682,0.95,0.2,storm_237,3.032,1,1,1,0,0,1,1
237,"FC = 0.95, SFT = 0.2",2019-09-07 14:00:00,2019-09-08 04:00:00,34264.64465,15,2284.309643,0.95,0.2,storm_238,1.627,1,1,0,0,0,0,1
238,"FC = 0.95, SFT = 0.2",2019-09-08 21:00:00,2019-09-10 05:00:00,33616.86349,33,1018.692833,0.95,0.2,storm_239,0.721,1,0,0,0,0,0,1
239,"FC = 0.95, SFT = 0.2",2019-09-14 21:00:00,2019-09-17 01:00:00,59288.3756,53,1118.648596,0.95,0.2,storm_240,1.483,1,1,0,0,0,0,1
240,"FC = 0.95, SFT = 0.2",2019-09-17 12:00:00,2019-09-19 04:00:00,109317.5977,41,2666.28287,0.95,0.2,storm_241,1.759,1,1,0,0,0,0,1
241,"FC = 0.95, SFT = 0.2",2020-02-09 01:00:00,2020-02-11 07:00:00,529988.5488,55,9636.155433,0.95,0.2,storm_242,17.375,1,1,1,1,0,1,1
242,"FC = 0.95, SFT = 0.2",2020-02-19 05:00:00,2020-02-20 03:00:00,39699.56049,23,1726.067847,0.95,0.2,storm_243,1.771,1,1,0,0,0,0,1
243,"FC = 0.95, SFT = 0.2",2020-02-23 04:00:00,2020-02-24 00:00:00,18348.87993,21,873.7561873,0.95,0.2,storm_244,0.478,0,0,0,0,0,0,1
244,"FC = 0.95, SFT = 0.2",2020-03-05 21:00:00,2020-03-07 22:00:00,132943.2712,50,2658.865424,0.95,0.2,storm_245,1.914,1,1,0,0,0,0,1
245,"FC = 0.95, SFT = 0.2",2020-03-26 11:00:00,2020-03-27 04:00:00,21038.71666,18,1168.817592,0.95,0.2,storm_246,0.618,1,0,0,0,0,0,1
246,"FC = 0.95, SFT = 0.2",2020-04-03 20:00:00,2020-04-16 15:00:00,160109.1197,27,5929.967397,0.95,0.2,storm_247,5.433,1,1,1,0,0,1,1
247,"FC = 0.95, SFT = 0.2",2020-04-29 22:00:00,2020-05-03 06:00:00,356106.7825,81,4396.380031,0.95,0.2,storm_248,3.849,1,1,1,0,0,1,1
248,"FC = 0.95, SFT = 0.2",2020-06-14 18:00:00,2020-06-15 06:00:00,19329.07767,13,1486.852129,0.95,0.2,storm_249,0.871,1,0,0,0,0,0,1
249,"FC = 0.95, SFT = 0.2",2020-06-21 11:00:00,2020-06-22 06:00:00,36889.37888,20,1844.468944,0.95,0.2,storm_250,1.512,1,1,0,0,0,0,1
250,"FC = 0.95, SFT = 0.2",2020-07-02 16:00:00,2020-07-03 04:00:00,27593.32523,13,2122.563479,0.95,0.2,storm_251,1.525,1,1,0,0,0,0,1
251,"FC = 0.95, SFT = 0.2",2020-07-26 22:00:00,2020-08-02 12:00:00,1387485.769,159,8726.325589,0.95,0.2,storm_252,13.977,1,1,1,1,0,1,1
252,"FC = 0.95, SFT = 0.2",2020-08-07 19:00:00,2020-08-09 16:00:00,298193.7961,46,6482.473828,0.95,0.2,storm_253,4.381,1,1,1,0,0,1,1
253,"FC = 0.95, SFT = 0.2",2020-08-09 22:00:00,2020-08-12 21:00:00,889303.5695,72,12351.43847,0.95,0.2,storm_254,13.95,1,1,1,1,0,1,1
254,"FC = 0.95, SFT = 0.2",2020-08-13 04:00:00,2020-08-14 13:00:00,171742.037,34,5051.236383,0.95,0.2,storm_255,5.907,1,1,1,0,0,1,1
255,"FC = 0.95, SFT = 0.2",2020-08-14 21:00:00,2020-08-18 23:00:00,669073.2278,99,6758.315433,0.95,0.2,storm_256,12.113,1,1,1,1,0,1,1
256,"FC = 0.95, SFT = 0.2",2020-08-20 05:00:00,2020-08-21 23:00:00,113819.3374,43,2646.961334,0.95,0.2,storm_257,3.65,1,1,1,0,0,1,1
257,"FC = 0.95, SFT = 0.2",2020-08-22 10:00:00,2020-08-27 16:00:00,498667.1031,127,3926.512623,0.95,0.2,storm_258,6.615,1,1,1,0,0,1,1
258,"FC = 0.95, SFT = 0.2",2020-09-02 15:00:00,2020-09-03 02:00:00,24376.6804,12,2031.390033,0.95,0.2,storm_259,1.561,1,1,0,0,0,0,1
259,"FC = 0.95, SFT = 0.2",2020-09-03 15:00:00,2020-09-04 12:00:00,38845.36272,22,1765.698305,0.95,0.2,storm_260,1.835,1,1,0,0,0,0,1
260,"FC = 0.95, SFT = 0.2",2020-09-05 09:00:00,2020-09-06 22:00:00,39487.78646,38,1039.152275,0.95,0.2,storm_261,0.96,1,0,0,0,0,0,1
261,"FC = 0.95, SFT = 0.2",2020-09-09 15:00:00,2020-09-12 16:00:00,229173.818,74,3096.943487,0.95,0.2,storm_262,2.771,1,1,1,0,0,0,1
262,"FC = 0.95, SFT = 0.2",2020-09-20 12:00:00,2020-09-24 10:00:00,303829.7764,95,3198.208173,0.95,0.2,storm_263,2.643,1,1,1,0,0,0,1
263,"FC = 0.95, SFT = 0.2",2020-09-25 14:00:00,2020-09-26 02:00:00,53826.12117,13,4140.470859,0.95,0.2,storm_264,2.923,1,1,1,0,0,0,1
264,"FC = 0.95, SFT = 0.2",2020-10-17 15:00:00,2020-10-18 02:00:00,28357.14293,12,2363.095244,0.95,0.2,storm_265,1.649,1,1,0,0,0,0,1
265,"FC = 0.95, SFT = 0.2",2020-10-24 15:00:00,2020-10-28 19:00:00,289329.7369,101,2864.65086,0.95,0.2,storm_266,2.715,1,1,1,0,0,0,1
266,"FC = 0.95, SFT = 0.2",2020-10-31 15:00:00,2020-11-02 18:00:00,216745.1008,52,4168.175015,0.95,0.2,storm_267,6.004,1,1,1,0,0,1,1
267,"FC = 0.95, SFT = 0.2",2020-11-05 16:00:00,2020-11-07 17:00:00,129157.5031,50,2583.150063,0.95,0.2,storm_268,2.615,1,1,1,0,0,0,1
268,"FC = 0.95, SFT = 0.2",2020-11-22 02:00:00,2020-11-23 07:00:00,118446.1508,30,3948.205025,0.95,0.2,storm_269,2.399,1,1,1,0,0,0,1
269,"FC = 0.95, SFT = 0.2",2020-11-23 18:00:00,2020-11-25 05:00:00,58945.49357,36,1637.374822,0.95,0.2,storm_270,1.628,1,1,0,0,0,0,1
270,"FC = 0.95, SFT = 0.2",2020-11-29 10:00:00,2020-11-30 00:00:00,36641.63158,15,2442.775438,0.95,0.2,storm_271,1.615,1,1,0,0,0,0,1
271,"FC = 0.95, SFT = 0.2",2020-12-06 11:00:00,2020-12-07 03:00:00,17041.98474,17,1002.469691,0.95,0.2,storm_272,0.547,1,0,0,0,0,0,1
272,"FC = 0.95, SFT = 0.2",2020-12-22 02:00:00,2020-12-23 05:00:00,71176.13949,28,2542.004982,0.95,0.2,storm_273,1.471,1,1,0,0,0,0,1
273,"FC = 0.95, SFT = 0.2",2020-12-28 15:00:00,2020-12-29 02:00:00,17944.25656,12,1495.354714,0.95,0.2,storm_274,1.01,1,1,0,0,0,0,1
274,"FC = 0.95, SFT = 0.2",2020-12-29 18:00:00,2020-12-31 08:00:00,70535.03653,39,1808.59068,0.95,0.2,storm_275,1.217,1,1,0,0,0,0,1
275,"FC = 0.95, SFT = 0.2",2021-01-03 22:00:00,2021-01-08 16:00:00,831048.3488,115,7226.507381,0.95,0.2,storm_276,10.65,1,1,1,1,0,1,1
276,"FC = 0.95, SFT = 0.2",2021-02-01 22:00:00,2021-02-04 03:00:00,151735.7112,54,2809.920578,0.95,0.2,storm_277,2.738,1,1,1,0,0,0,1
277,"FC = 0.95, SFT = 0.2",2021-02-05 04:00:00,2021-02-06 00:00:00,43208.93678,21,2057.568418,0.95,0.2,storm_278,2.426,1,1,1,0,0,0,1
278,"FC = 0.95, SFT = 0.2",2021-02-06 13:00:00,2021-02-07 02:00:00,18883.55529,14,1348.825378,0.95,0.2,storm_279,1.051,1,1,0,0,0,0,1
279,"FC = 0.95, SFT = 0.2",2021-02-13 18:00:00,2021-02-14 19:00:00,57855.81373,26,2225.223605,0.95,0.2,storm_280,1.533,1,1,0,0,0,0,1
280,"FC = 0.95, SFT = 0.2",2021-03-12 09:00:00,2021-03-14 02:00:00,78634.44321,42,1872.248648,0.95,0.2,storm_281,1.096,1,1,0,0,0,0,1
281,"FC = 0.95, SFT = 0.2",2021-03-14 16:00:00,2021-03-15 16:00:00,33146.71809,25,1325.868724,0.95,0.2,storm_282,1.115,1,1,0,0,0,0,1
282,"FC = 0.95, SFT = 0.2",2021-03-19 07:00:00,2021-03-20 06:00:00,59362.60476,24,2473.441865,0.95,0.2,storm_283,1.937,1,1,0,0,0,0,1
283,"FC = 0.95, SFT = 0.2",2021-05-06 15:00:00,2021-05-08 10:00:00,77749.53469,44,1767.034879,0.95,0.2,storm_284,1.458,1,1,0,0,0,0,1
284,"FC = 0.95, SFT = 0.2",2021-06-03 18:00:00,2021-06-04 13:00:00,20939.43535,20,1046.971768,0.95,0.2,storm_285,0.657,1,0,0,0,0,0,1
285,"FC = 0.95, SFT = 0.2",2021-06-08 14:00:00,2021-06-09 01:00:00,19051.81557,12,1587.651298,0.95,0.2,storm_286,1.191,1,1,0,0,0,0,1
286,"FC = 0.95, SFT = 0.2",2021-06-09 19:00:00,2021-06-12 22:00:00,149661.4604,76,1969.229743,0.95,0.2,storm_287,1.651,1,1,0,0,0,0,1
287,"FC = 0.95, SFT = 0.2",2021-06-17 01:00:00,2021-06-18 01:00:00,34996.12794,25,1399.845118,0.95,0.2,storm_288,1.761,1,1,0,0,0,0,1
288,"FC = 0.95, SFT = 0.2",2021-06-23 11:00:00,2021-06-23 22:00:00,11566.36355,12,963.8636293,0.95,0.2,storm_289,1.312,1,1,0,0,0,0,1
289,"FC = 0.95, SFT = 0.2",2021-06-24 05:00:00,2021-06-25 03:00:00,49533.52915,23,2153.631702,0.95,0.2,storm_290,1.899,1,1,0,0,0,0,1
290,"FC = 0.95, SFT = 0.2",2021-06-25 15:00:00,2021-06-26 03:00:00,22796.17262,13,1753.55174,0.95,0.2,storm_291,1.337,1,1,0,0,0,0,1
291,"FC = 0.95, SFT = 0.2",2021-06-26 14:00:00,2021-06-27 04:00:00,13535.84926,15,902.3899507,0.95,0.2,storm_292,0.874,1,0,0,0,0,0,1
292,"FC = 0.95, SFT = 0.2",2021-07-02 04:00:00,2021-07-04 01:00:00,67445.67986,46,1466.210432,0.95,0.2,storm_293,1.359,1,1,0,0,0,0,1
293,"FC = 0.95, SFT = 0.2",2021-07-15 02:00:00,2021-07-15 13:00:00,23001.83859,12,1916.819883,0.95,0.2,storm_294,1.54,1,1,0,0,0,0,1
294,"FC = 0.95, SFT = 0.2",2021-07-16 12:00:00,2021-07-21 04:00:00,344397.0491,113,3047.761497,0.95,0.2,storm_295,3.179,1,1,1,0,0,1,1
295,"FC = 0.95, SFT = 0.2",2021-07-21 12:00:00,2021-07-22 22:00:00,33226.20306,35,949.3200873,0.95,0.2,storm_296,1.413,1,1,0,0,0,0,1
296,"FC = 0.95, SFT = 0.2",2021-07-25 04:00:00,2021-07-28 00:00:00,143894.2205,69,2085.423485,0.95,0.2,storm_297,2.689,1,1,1,0,0,0,1
297,"FC = 0.95, SFT = 0.2",2021-07-28 04:00:00,2021-07-29 04:00:00,34236.63938,25,1369.465575,0.95,0.2,storm_298,1.853,1,1,0,0,0,0,1
298,"FC = 0.95, SFT = 0.2",2021-07-29 14:00:00,2021-07-30 23:00:00,33893.88063,34,996.8788419,0.95,0.2,storm_299,1.477,1,1,0,0,0,0,1
299,"FC = 0.95, SFT = 0.2",2021-07-31 14:00:00,2021-08-01 02:00:00,25013.32261,13,1924.101739,0.95,0.2,storm_300,1.914,1,1,0,0,0,0,1
300,"FC = 0.95, SFT = 0.2",2021-08-01 10:00:00,2021-08-01 23:00:00,13416.58485,14,958.3274896,0.95,0.2,storm_301,1.215,1,1,0,0,0,0,1
301,"FC = 0.95, SFT = 0.2",2021-08-03 08:00:00,2021-08-06 02:00:00,144822.4542,67,2161.529166,0.95,0.2,storm_302,2.156,1,1,1,0,0,0,1
302,"FC = 0.95, SFT = 0.2",2021-08-11 14:00:00,2021-08-12 08:00:00,27963.79709,19,1471.778794,0.95,0.2,storm_303,1.722,1,1,0,0,0,0,1
303,"FC = 0.95, SFT = 0.2",2021-08-12 18:00:00,2021-08-14 00:00:00,32483.68908,31,1047.860938,0.95,0.2,storm_304,1.496,1,1,0,0,0,0,1
304,"FC = 0.95, SFT = 0.2",2021-08-22 13:00:00,2021-08-23 00:00:00,15836.97579,12,1319.747983,0.95,0.2,storm_305,1.26,1,1,0,0,0,0,1
305,"FC = 0.95, SFT = 0.2",2021-08-23 11:00:00,2021-08-23 23:00:00,42633.97098,13,3279.536229,0.95,0.2,storm_306,2.864,1,1,1,0,0,0,1
306,"FC = 0.95, SFT = 0.2",2021-08-24 02:00:00,2021-08-29 02:00:00,1710956.031,121,14140.13249,0.95,0.2,storm_307,20.303,1,1,1,1,1,1,1
307,"FC = 0.95, SFT = 0.2",2021-08-29 10:00:00,2021-08-29 22:00:00,13168.97696,13,1012.998227,0.95,0.2,storm_308,2.521,1,1,1,0,0,0,1
308,"FC = 0.95, SFT = 0.2",2021-09-05 01:00:00,2021-09-07 19:00:00,209675.5904,67,3129.486425,0.95,0.2,storm_309,3.996,1,1,1,0,0,1,1
309,"FC = 0.95, SFT = 0.2",2021-09-10 10:00:00,2021-09-12 03:00:00,69723.18747,42,1660.075892,0.95,0.2,storm_310,2.109,1,1,1,0,0,0,1
310,"FC = 0.95, SFT = 0.2",2021-09-12 14:00:00,2021-09-13 03:00:00,42515.15109,14,3036.796506,0.95,0.2,storm_311,2.143,1,1,1,0,0,0,1
311,"FC = 0.95, SFT = 0.2",2021-09-14 05:00:00,2021-09-15 00:00:00,31357.6279,20,1567.881395,0.95,0.2,storm_312,0.892,1,0,0,0,0,0,1
312,"FC = 0.95, SFT = 0.2",2021-09-19 14:00:00,2021-09-20 01:00:00,12976.33918,12,1081.361599,0.95,0.2,storm_313,0.788,1,0,0,0,0,0,1
313,"FC = 0.95, SFT = 0.2",2021-09-20 10:00:00,2021-09-21 02:00:00,39937.20638,17,2349.247434,0.95,0.2,storm_314,1.418,1,1,0,0,0,0,1
314,"FC = 0.95, SFT = 0.2",2021-09-29 20:00:00,2021-10-05 01:00:00,392672.9588,126,3116.452054,0.95,0.2,storm_315,3.439,1,1,1,0,0,1,1
315,"FC = 0.95, SFT = 0.2",2021-10-07 13:00:00,2021-10-08 00:00:00,25675.16032,12,2139.596693,0.95,0.2,storm_316,1.662,1,1,0,0,0,0,1
316,"FC = 0.95, SFT = 0.2",2021-10-12 19:00:00,2021-10-15 02:00:00,73520.70181,56,1312.869675,0.95,0.2,storm_317,1.565,1,1,0,0,0,0,1
317,"FC = 0.95, SFT = 0.2",2021-10-15 11:00:00,2021-10-17 01:00:00,102072.4833,39,2617.243161,0.95,0.2,storm_318,1.739,1,1,0,0,0,0,1
318,"FC = 0.95, SFT = 0.2",2021-10-17 09:00:00,2021-10-17 22:00:00,19261.46167,14,1375.818691,0.95,0.2,storm_319,1.255,1,1,0,0,0,0,1
319,"FC = 0.95, SFT = 0.2",2021-11-04 20:00:00,2021-11-07 00:00:00,73517.53996,53,1387.123395,0.95,0.2,storm_320,0.889,1,0,0,0,0,0,1
320,"FC = 0.95, SFT = 0.2",2021-11-07 13:00:00,2021-11-10 05:00:00,483357.5341,65,7436.269755,0.95,0.2,storm_321,6.182,1,1,1,0,0,1,1
321,"FC = 0.95, SFT = 0.2",2021-11-10 16:00:00,2021-11-19 22:00:00,1874949.919,160,11718.43699,0.95,0.2,storm_322,23.119,1,1,1,1,1,1,1
322,"FC = 0.95, SFT = 0.2",2021-11-20 11:00:00,2021-11-20 22:00:00,14359.73314,12,1196.644429,0.95,0.2,storm_323,1.34,1,1,0,0,0,0,1
323,"FC = 0.95, SFT = 0.2",2021-11-21 08:00:00,2021-11-23 16:00:00,101454.694,57,1779.906912,0.95,0.2,storm_324,1.763,1,1,0,0,0,0,1
324,"FC = 0.95, SFT = 0.2",2021-11-25 16:00:00,2021-11-30 22:00:00,1314829.363,127,10352.98711,0.95,0.2,storm_325,17.205,1,1,1,1,0,1,1
325,"FC = 0.95, SFT = 0.2",2021-12-01 18:00:00,2021-12-04 23:00:00,229668.0186,78,2944.461777,0.95,0.2,storm_326,4.716,1,1,1,0,0,1,1
326,"FC = 0.95, SFT = 0.2",2021-12-07 14:00:00,2021-12-13 22:00:00,697914.3916,153,4561.531971,0.95,0.2,storm_327,7.054,1,1,1,0,0,1,1
327,"FC = 0.95, SFT = 0.2",2021-12-14 08:00:00,2021-12-14 19:00:00,13720.79895,12,1143.399913,0.95,0.2,storm_328,1.568,1,1,0,0,0,0,1
328,"FC = 0.95, SFT = 0.2",2021-12-18 13:00:00,2021-12-19 01:00:00,17582.9249,13,1352.532685,0.95,0.2,storm_329,1.13,1,1,0,0,0,0,1
329,"FC = 0.95, SFT = 0.2",2021-12-19 10:00:00,2021-12-20 02:00:00,39849.24298,17,2344.073117,0.95,0.2,storm_330,1.761,1,1,0,0,0,0,1
330,"FC = 0.95, SFT = 0.2",2021-12-20 11:00:00,2021-12-21 03:00:00,22130.02108,17,1301.765946,0.95,0.2,storm_331,1.179,1,1,0,0,0,0,1
331,"FC = 0.95, SFT = 0.2",2021-12-21 08:00:00,2021-12-21 22:00:00,23430.17858,15,1562.011905,0.95,0.2,storm_332,1.582,1,1,0,0,0,0,1
332,"FC = 0.95, SFT = 0.2",2021-12-26 11:00:00,2021-12-29 02:00:00,282365.6134,64,4411.962709,0.95,0.2,storm_333,5.609,1,1,1,0,0,1,1
333,"FC = 0.95, SFT = 0.2",2021-12-29 09:00:00,2021-12-29 21:00:00,13370.61043,13,1028.508494,0.95,0.2,storm_334,1.177,1,1,0,0,0,0,1
334,"FC = 0.95, SFT = 0.2",2022-01-02 22:00:00,2022-01-03 19:00:00,30109.68828,22,1368.622195,0.95,0.2,storm_335,1.298,1,1,0,0,0,0,1
335,"FC = 0.95, SFT = 0.2",2022-01-07 05:00:00,2022-01-10 01:00:00,805758.9088,69,11677.66534,0.95,0.2,storm_336,10.549,1,1,1,1,0,1,1
336,"FC = 0.95, SFT = 0.2",2022-01-10 18:00:00,2022-01-16 02:00:00,1009711.555,129,7827.221355,0.95,0.2,storm_337,21.178,1,1,1,1,1,1,1
337,"FC = 0.95, SFT = 0.2",2022-01-16 10:00:00,2022-01-17 17:00:00,48753.2119,32,1523.537872,0.95,0.2,storm_338,2.412,1,1,1,0,0,0,1
338,"FC = 0.95, SFT = 0.2",2022-01-18 16:00:00,2022-01-21 18:00:00,233311.2684,75,3110.816912,0.95,0.2,storm_339,3.808,1,1,1,0,0,1,1
339,"FC = 0.95, SFT = 0.2",2022-01-26 01:00:00,2022-01-26 21:00:00,30417.04721,21,1448.430819,0.95,0.2,storm_340,2.182,1,1,1,0,0,0,1
340,"FC = 0.95, SFT = 0.2",2022-01-28 18:00:00,2022-02-01 21:00:00,955852.1345,100,9558.521345,0.95,0.2,storm_341,18.301,1,1,1,1,0,1,1
341,"FC = 0.95, SFT = 0.2",2022-02-02 13:00:00,2022-02-05 01:00:00,229427.4139,61,3761.105147,0.95,0.2,storm_342,5.212,1,1,1,0,0,1,1
342,"FC = 0.95, SFT = 0.2",2022-02-21 08:00:00,2022-02-24 04:00:00,379533.2006,69,5500.481168,0.95,0.2,storm_343,5.459,1,1,1,0,0,1,1
343,"FC = 0.95, SFT = 0.2",2022-02-25 10:00:00,2022-02-27 04:00:00,65346.22638,43,1519.679683,0.95,0.2,storm_344,2.596,1,1,1,0,0,0,1
344,"FC = 0.95, SFT = 0.2",2022-03-15 08:00:00,2022-03-15 23:00:00,14171.03303,16,885.6895645,0.95,0.2,storm_345,3.398,1,1,1,0,0,1,1
345,"FC = 0.95, SFT = 0.2",2022-03-18 12:00:00,2022-03-20 02:00:00,43326.01955,39,1110.923578,0.95,0.2,storm_346,3.06,1,1,1,0,0,1,1
346,"FC = 0.95, SFT = 0.2",2022-03-24 14:00:00,2022-03-25 23:00:00,42278.11238,34,1243.473893,0.95,0.2,storm_347,2.164,1,1,1,0,0,0,1
347,"FC = 0.95, SFT = 0.2",2022-03-28 22:00:00,2022-04-01 22:00:00,234422.064,97,2416.722309,0.95,0.2,storm_348,3.673,1,1,1,0,0,1,1
348,"FC = 0.95, SFT = 0.2",2022-04-07 18:00:00,2022-04-10 07:00:00,189868.6868,62,3062.398174,0.95,0.2,storm_349,3.485,1,1,1,0,0,1,1
349,"FC = 0.95, SFT = 0.2",2022-04-10 10:00:00,2022-04-11 02:00:00,14140.31797,17,831.7834103,0.95,0.2,storm_350,2.209,1,1,1,0,0,0,1
350,"FC = 0.95, SFT = 0.2",2022-04-20 02:00:00,2022-04-21 22:00:00,80029.01343,45,1778.422521,0.95,0.2,storm_351,1.907,1,1,0,0,0,0,1
351,"FC = 0.95, SFT = 0.2",2022-04-27 15:00:00,2022-04-30 04:00:00,381380.6959,62,6151.301547,0.95,0.2,storm_352,5.198,1,1,1,0,0,1,1
352,"FC = 0.95, SFT = 0.2",2022-04-30 12:00:00,2022-05-03 04:00:00,146082.3536,65,2247.420825,0.95,0.2,storm_353,4.108,1,1,1,0,0,1,1
353,"FC = 0.95, SFT = 0.2",2022-05-05 06:00:00,2022-05-07 20:00:00,193676.3647,63,3074.22801,0.95,0.2,storm_354,3.536,1,1,1,0,0,1,1
354,"FC = 0.95, SFT = 0.2",2022-05-11 06:00:00,2022-05-17 22:00:00,879545.1198,161,5463.013166,0.95,0.2,storm_355,10.825,1,1,1,1,0,1,1
355,"FC = 0.95, SFT = 0.2",2022-05-18 09:00:00,2022-05-19 00:00:00,15679.82747,16,979.9892169,0.95,0.2,storm_356,2.361,1,1,1,0,0,0,1
356,"FC = 0.95, SFT = 0.2",2022-05-21 09:00:00,2022-05-22 22:00:00,35936.49163,38,945.6971481,0.95,0.2,storm_357,2.304,1,1,1,0,0,0,1
357,"FC = 0.95, SFT = 0.2",2022-05-30 14:00:00,2022-06-03 23:00:00,353284.1961,106,3332.869774,0.95,0.2,storm_358,4.276,1,1,1,0,0,1,1
358,"FC = 0.95, SFT = 0.2",2022-06-05 07:00:00,2022-06-05 22:00:00,30242.96874,16,1890.185546,0.95,0.2,storm_359,2.433,1,1,1,0,0,0,1
359,"FC = 0.95, SFT = 0.2",2022-06-06 13:00:00,2022-06-09 19:00:00,123672.0475,79,1565.468956,0.95,0.2,storm_360,2.535,1,1,1,0,0,0,1
360,"FC = 0.95, SFT = 0.2",2022-07-10 17:00:00,2022-07-15 05:00:00,111458.9801,109,1022.55945,0.95,0.2,storm_361,4.137,1,1,1,0,0,1,1
361,"FC = 0.95, SFT = 0.2",2022-07-17 06:00:00,2022-07-17 23:00:00,35718.42833,18,1984.35713,0.95,0.2,storm_362,3.236,1,1,1,0,0,1,1
362,"FC = 0.95, SFT = 0.2",2022-07-22 00:00:00,2022-07-24 20:00:00,154892.4831,69,2244.818596,0.95,0.2,storm_363,3.22,1,1,1,0,0,1,1
363,"FC = 0.95, SFT = 0.2",2022-07-26 09:00:00,2022-07-29 05:00:00,129937.3252,69,1883.149641,0.95,0.2,storm_364,2.91,1,1,1,0,0,0,1
364,"FC = 0.95, SFT = 0.2",2022-08-01 05:00:00,2022-08-03 22:00:00,114609.6971,66,1736.510563,0.95,0.2,storm_365,2.676,1,1,1,0,0,0,1
365,"FC = 0.95, SFT = 0.2",2022-08-04 07:00:00,2022-08-09 08:00:00,1714112.778,122,14050.10474,0.95,0.2,storm_366,30.973,1,1,1,1,1,1,1
366,"FC = 0.95, SFT = 0.2",2022-08-12 23:00:00,2022-08-18 01:00:00,408377.6183,123,3320.143238,0.95,0.2,storm_367,6.416,1,1,1,0,0,1,1
367,"FC = 0.95, SFT = 0.2",2022-08-20 07:00:00,2022-08-22 00:00:00,39251.76996,42,934.5659514,0.95,0.2,storm_368,2.482,1,1,1,0,0,0,1
368,"FC = 0.95, SFT = 0.2",2022-08-24 00:00:00,2022-08-26 03:00:00,106065.6902,52,2039.724811,0.95,0.2,storm_369,2.526,1,1,1,0,0,0,1
369,"FC = 0.95, SFT = 0.2",2022-08-30 01:00:00,2022-08-30 22:00:00,43913.65899,22,1996.075409,0.95,0.2,storm_370,2.183,1,1,1,0,0,0,1
370,"FC = 0.95, SFT = 0.2",2022-08-31 07:00:00,2022-09-01 20:00:00,39955.48561,38,1051.460148,0.95,0.2,storm_371,1.413,1,1,0,0,0,0,1
371,"FC = 0.95, SFT = 0.2",2022-09-03 18:00:00,2022-09-05 18:00:00,66468.04042,49,1356.490621,0.95,0.2,storm_372,1.831,1,1,0,0,0,0,1
372,"FC = 0.95, SFT = 0.2",2022-09-09 08:00:00,2022-09-12 23:00:00,330978.8295,88,3761.123063,0.95,0.2,storm_373,3.729,1,1,1,0,0,1,1
373,"FC = 0.95, SFT = 0.2",2022-09-15 13:00:00,2022-09-20 21:00:00,1891622.222,129,14663.73816,0.95,0.2,storm_374,36.589,1,1,1,1,1,1,1
374,"FC = 0.95, SFT = 0.2",2022-09-21 22:00:00,2022-09-26 18:00:00,341785.1396,117,2921.240509,0.95,0.2,storm_375,5.634,1,1,1,0,0,1,1
375,"FC = 0.95, SFT = 0.2",2022-09-27 17:00:00,2022-10-04 00:00:00,1506045.616,152,9908.19484,0.95,0.2,storm_376,31.164,1,1,1,1,1,1,1
376,"FC = 0.95, SFT = 0.2",2022-10-05 17:00:00,2022-10-13 19:00:00,3376779.907,195,17316.82003,0.95,0.2,storm_377,45.534,1,1,1,1,1,1,1
377,"FC = 0.95, SFT = 0.2",2022-10-14 06:00:00,2022-10-17 08:00:00,107319.6503,75,1430.928671,0.95,0.2,storm_378,4.598,1,1,1,0,0,1,1
378,"FC = 0.95, SFT = 0.2",2022-10-20 13:00:00,2022-10-22 02:00:00,55139.8282,38,1451.048111,0.95,0.2,storm_379,3.268,1,1,1,0,0,1,1
379,"FC = 0.95, SFT = 0.2",2022-10-22 23:00:00,2022-10-30 02:00:00,714938.8585,172,4156.621271,0.95,0.2,storm_380,9.009,1,1,1,0,0,1,1
380,"FC = 0.95, SFT = 0.2",2022-10-31 09:00:00,2022-11-05 06:00:00,1570148.922,118,13306.3468,0.95,0.2,storm_381,19.296,1,1,1,1,0,1,1
381,"FC = 0.95, SFT = 0.2",2022-11-05 23:00:00,2022-11-09 01:00:00,78920.83247,75,1052.277766,0.95,0.2,storm_382,3.499,1,1,1,0,0,1,1
382,"FC = 0.95, SFT = 0.2",2022-11-12 22:00:00,2022-11-18 23:00:00,3421196.29,146,23432.8513,0.95,0.2,storm_383,95.378,1,1,1,1,1,1,1
383,"FC = 0.95, SFT = 0.2",2022-11-20 05:00:00,2022-11-21 21:00:00,60225.88248,41,1468.923963,0.95,0.2,storm_384,4.694,1,1,1,0,0,1,1
384,"FC = 0.95, SFT = 0.2",2022-11-28 02:00:00,2022-11-28 20:00:00,18796.19042,19,989.2731799,0.95,0.2,storm_385,3.191,1,1,1,0,0,1,1
385,"FC = 0.95, SFT = 0.2",2022-12-04 11:00:00,2022-12-06 23:00:00,101530.1723,61,1664.429054,0.95,0.2,storm_386,2.662,1,1,1,0,0,0,1
386,"FC = 0.95, SFT = 0.2",2022-12-12 05:00:00,2022-12-12 16:00:00,29821.6804,12,2485.140033,0.95,0.2,storm_387,1.893,1,1,0,0,0,0,1
387,"FC = 0.95, SFT = 0.2",2023-01-02 00:00:00,2023-01-03 01:00:00,21592.98863,26,830.4995628,0.95,0.2,storm_388,0.925,1,0,0,0,0,0,1
388,"FC = 0.95, SFT = 0.2",2023-01-04 13:00:00,2023-01-05 15:00:00,59202.7185,27,2192.693278,0.95,0.2,storm_389,2.043,1,1,1,0,0,0,1
389,"FC = 0.95, SFT = 0.2",2023-01-16 03:00:00,2023-01-16 20:00:00,35454.88691,18,1969.715939,0.95,0.2,storm_390,1.821,1,1,0,0,0,0,1
390,"FC = 0.95, SFT = 0.2",2023-01-19 14:00:00,2023-01-20 23:00:00,72346.13768,34,2127.827579,0.95,0.2,storm_391,1.787,1,1,0,0,0,0,1
391,"FC = 0.95, SFT = 0.2",2023-01-26 21:00:00,2023-01-28 21:00:00,116807.6547,49,2383.829689,0.95,0.2,storm_392,2.021,1,1,1,0,0,0,1
392,"FC = 0.95, SFT = 0.2",2023-01-30 12:00:00,2023-01-31 21:00:00,48159.28368,34,1416.44952,0.95,0.2,storm_393,1.154,1,1,0,0,0,0,1
393,"FC = 0.95, SFT = 0.2",2023-02-02 13:00:00,2023-02-03 04:00:00,27953.66636,16,1747.104147,0.95,0.2,storm_394,1.173,1,1,0,0,0,0,1
394,"FC = 0.95, SFT = 0.2",2023-02-03 14:00:00,2023-02-04 02:00:00,19469.42443,13,1497.648033,0.95,0.2,storm_395,0.817,1,0,0,0,0,0,1
395,"FC = 0.95, SFT = 0.2",2023-03-06 12:00:00,2023-03-07 00:00:00,30244.86566,13,2326.528128,0.95,0.2,storm_396,1.362,1,1,0,0,0,0,1
396,"FC = 0.95, SFT = 0.2",2023-03-27 15:00:00,2023-03-31 00:00:00,167853.8517,82,2046.998192,0.95,0.2,storm_397,1.711,1,1,0,0,0,0,1
397,"FC = 0.95, SFT = 0.2",2023-04-29 15:00:00,2023-05-02 04:00:00,199703.9889,62,3221.032079,0.95,0.2,storm_398,2.65,1,1,1,0,0,0,1
398,"FC = 0.95, SFT = 0.2",2023-05-03 10:00:00,2023-05-04 03:00:00,36695.89542,18,2038.660857,0.95,0.2,storm_399,1.369,1,1,0,0,0,0,1
399,"FC = 0.95, SFT = 0.2",2023-05-04 13:00:00,2023-05-06 06:00:00,60376.8662,42,1437.544433,0.95,0.2,storm_400,0.923,1,0,0,0,0,0,1
400,"FC = 0.95, SFT = 0.2",2023-05-14 13:00:00,2023-05-15 01:00:00,11412.43232,13,877.8794093,0.95,0.2,storm_401,0.861,1,0,0,0,0,0,1
401,"FC = 0.95, SFT = 0.2",2023-06-23 05:00:00,2023-06-24 08:00:00,64689.43372,28,2310.336919,0.95,0.2,storm_402,1.546,1,1,0,0,0,0,1
402,"FC = 0.95, SFT = 0.2",2023-06-25 14:00:00,2023-06-26 01:00:00,20637.89254,12,1719.824378,0.95,0.2,storm_403,1.27,1,1,0,0,0,0,1
403,"FC = 0.95, SFT = 0.2",2023-06-26 13:00:00,2023-06-27 01:00:00,18572.11643,13,1428.62434,0.95,0.2,storm_404,0.861,1,0,0,0,0,0,1
404,"FC = 0.95, SFT = 0.2",2023-07-03 11:00:00,2023-07-04 05:00:00,19301.39284,19,1015.862781,0.95,0.2,storm_405,0.952,1,0,0,0,0,0,1
405,"FC = 0.95, SFT = 0.2",2023-07-04 13:00:00,2023-07-05 22:00:00,50886.28133,34,1496.655333,0.95,0.2,storm_406,1.1,1,1,0,0,0,0,1
406,"FC = 0.95, SFT = 0.2",2023-07-08 11:00:00,2023-07-09 01:00:00,28482.03047,15,1898.802031,0.95,0.2,storm_407,1.365,1,1,0,0,0,0,1
407,"FC = 0.95, SFT = 0.2",2023-07-26 05:00:00,2023-07-26 21:00:00,16697.47022,17,982.2041308,0.95,0.2,storm_408,0.54,1,0,0,0,0,0,1
408,"FC = 0.95, SFT = 0.2",2023-08-10 14:00:00,2023-08-11 01:00:00,27527.89956,12,2293.99163,0.95,0.2,storm_409,1.396,1,1,0,0,0,0,1
409,"FC = 0.95, SFT = 0.2",2023-08-14 03:00:00,2023-08-15 22:00:00,74844.02268,44,1701.000515,0.95,0.2,storm_410,0.967,1,0,0,0,0,0,1
410,"FC = 0.95, SFT = 0.2",2023-08-18 08:00:00,2023-08-18 22:00:00,19050.02479,15,1270.001653,0.95,0.2,storm_411,1.326,1,1,0,0,0,0,1
411,"FC = 0.95, SFT = 0.2",2023-09-07 15:00:00,2023-09-08 13:00:00,50053.7101,23,2176.248265,0.95,0.2,storm_412,1.687,1,1,0,0,0,0,1
412,"FC = 0.95, SFT = 0.2",2023-09-20 11:00:00,2023-09-21 03:00:00,40026.05938,17,2354.474081,0.95,0.2,storm_413,1.601,1,1,0,0,0,0,1
413,"FC = 0.95, SFT = 0.2",2023-10-01 13:00:00,2023-10-02 02:00:00,28891.22857,14,2063.659184,0.95,0.2,storm_414,1.379,1,1,0,0,0,0,1
414,"FC = 0.95, SFT = 0.2",2023-10-03 12:00:00,2023-10-04 02:00:00,39863.80377,15,2657.586918,0.95,0.2,storm_415,1.413,1,1,0,0,0,0,1
415,"FC = 0.95, SFT = 0.2",2023-10-04 14:00:00,2023-10-06 00:00:00,95421.40871,35,2726.325963,0.95,0.2,storm_416,1.858,1,1,0,0,0,0,1
416,"FC = 0.95, SFT = 0.2",2023-10-06 08:00:00,2023-10-06 19:00:00,9334.022921,12,777.8352434,0.95,0.2,storm_417,0.926,1,0,0,0,0,0,1
417,"FC = 0.95, SFT = 0.2",2023-10-12 14:00:00,2023-10-13 03:00:00,33233.95552,14,2373.853966,0.95,0.2,storm_418,1.546,1,1,0,0,0,0,1
418,"FC = 0.95, SFT = 0.2",2023-10-14 09:00:00,2023-10-15 02:00:00,17959.6094,18,997.7560776,0.95,0.2,storm_419,0.656,1,0,0,0,0,0,1
419,"FC = 0.95, SFT = 0.2",2023-10-30 15:00:00,2023-10-31 03:00:00,23088.4797,13,1776.0369,0.95,0.2,storm_420,1.108,1,1,0,0,0,0,1
420,"FC = 0.95, SFT = 0.2",2023-11-02 08:00:00,2023-11-05 20:00:00,184444.4616,85,2169.934842,0.95,0.2,storm_421,1.615,1,1,0,0,0,0,1
421,"FC = 0.95, SFT = 0.2",2023-11-14 20:00:00,2023-11-16 11:00:00,60279.63436,40,1506.990859,0.95,0.2,storm_422,1.471,1,1,0,0,0,0,1
422,"FC = 0.95, SFT = 0.2",2023-11-25 03:00:00,2023-11-27 00:00:00,141322.5489,46,3072.229324,0.95,0.2,storm_423,2.191,1,1,1,0,0,0,1
423,"FC = 0.95, SFT = 0.2",2023-11-29 08:00:00,2023-12-01 00:00:00,78229.05818,41,1908.025809,0.95,0.2,storm_424,1.453,1,1,0,0,0,0,1
424,"FC = 0.95, SFT = 0.2",2023-12-02 06:00:00,2023-12-04 08:00:00,131333.2996,51,2575.162737,0.95,0.2,storm_425,2.159,1,1,1,0,0,0,1
425,"FC = 0.95, SFT = 0.2",2023-12-19 23:00:00,2023-12-23 01:00:00,766832.5143,75,10224.43352,0.95,0.2,storm_426,12.504,1,1,1,1,0,1,1
426,"FC = 0.95, SFT = 0.2",2024-01-03 19:00:00,2024-01-07 10:00:00,405678.9987,88,4609.988622,0.95,0.2,storm_427,4.839,1,1,1,0,0,1,1
427,"FC = 0.95, SFT = 0.2",2024-01-08 14:00:00,2024-01-09 01:00:00,13181.13656,12,1098.428046,0.95,0.2,storm_428,1.177,1,1,0,0,0,0,1
428,"FC = 0.95, SFT = 0.2",2024-01-17 14:00:00,2024-01-21 08:00:00,639705.2303,91,7029.727805,0.95,0.2,storm_429,9.526,1,1,1,0,0,1,1
429,"FC = 0.95, SFT = 0.2",2024-01-26 11:00:00,2024-01-26 23:00:00,25883.04161,13,1991.003201,0.95,0.2,storm_430,1.355,1,1,0,0,0,0,1
430,"FC = 0.95, SFT = 0.2",2024-02-06 05:00:00,2024-02-08 05:00:00,153568.4339,49,3134.04967,0.95,0.2,storm_431,2.429,1,1,1,0,0,0,1
431,"FC = 0.95, SFT = 0.2",2024-02-13 19:00:00,2024-02-15 14:00:00,174879.9057,44,3974.543312,0.95,0.2,storm_432,3.643,1,1,1,0,0,1,1
432,"FC = 0.95, SFT = 0.2",2024-02-28 06:00:00,2024-02-29 09:00:00,25316.87641,28,904.1741576,0.95,0.2,storm_433,0.763,1,0,0,0,0,0,1
433,"FC = 0.95, SFT = 0.2",2024-03-18 13:00:00,2024-03-19 13:00:00,40501.97184,25,1620.078873,0.95,0.2,storm_434,1.126,1,1,0,0,0,0,1
434,"FC = 0.95, SFT = 0.2",2024-03-31 02:00:00,2024-04-01 01:00:00,19162.43674,24,798.4348644,0.95,0.2,storm_435,0.529,1,0,0,0,0,0,1
435,"FC = 0.95, SFT = 0.2",2024-04-05 05:00:00,2024-04-09 03:00:00,1518247.257,95,15981.55007,0.95,0.2,storm_436,27.089,1,1,1,1,1,1,1
436,"FC = 0.95, SFT = 0.2",2024-04-09 22:00:00,2024-04-11 05:00:00,40288.34301,32,1259.010719,0.95,0.2,storm_437,2.08,1,1,1,0,0,0,1
437,"FC = 0.95, SFT = 0.2",2024-05-11 17:00:00,2024-05-14 09:00:00,144314.732,65,2220.226646,0.95,0.2,storm_438,2.398,1,1,1,0,0,0,1
438,"FC = 0.95, SFT = 0.2",2024-05-31 06:00:00,2024-05-31 21:00:00,35894.53786,16,2243.408616,0.95,0.2,storm_439,1.507,1,1,0,0,0,0,1
439,"FC = 0.95, SFT = 0.2",2024-06-06 12:00:00,2024-06-10 06:00:00,249673.9713,91,2743.670014,0.95,0.2,storm_440,2.523,1,1,1,0,0,0,1
440,"FC = 0.95, SFT = 0.2",2024-06-15 13:00:00,2024-06-16 15:00:00,29640.19266,27,1097.784913,0.95,0.2,storm_441,1.046,1,1,0,0,0,0,1
441,"FC = 0.95, SFT = 0.2",2024-06-30 05:00:00,2024-07-01 23:00:00,82119.61335,43,1909.75845,0.95,0.2,storm_442,1.604,1,1,0,0,0,0,1
442,"FC = 0.95, SFT = 0.2",2024-07-20 02:00:00,2024-07-21 08:00:00,35902.82394,31,1158.155611,0.95,0.2,storm_443,1.058,1,1,0,0,0,0,1
443,"FC = 0.95, SFT = 0.2",2024-07-25 15:00:00,2024-07-26 03:00:00,25470.107,13,1959.239,0.95,0.2,storm_444,1.629,1,1,0,0,0,0,1
444,"FC = 0.95, SFT = 0.2",2024-07-26 13:00:00,2024-07-29 16:00:00,195591.0202,76,2573.566055,0.95,0.2,storm_445,2.134,1,1,1,0,0,0,1
445,"FC = 0.95, SFT = 0.2",2024-08-14 12:00:00,2024-08-16 08:00:00,88531.47187,45,1967.366042,0.95,0.2,storm_446,1.424,1,1,0,0,0,0,1
446,"FC = 0.95, SFT = 0.2",2024-08-21 09:00:00,2024-08-21 23:00:00,17788.598,15,1185.906533,0.95,0.2,storm_447,0.929,1,0,0,0,0,0,1
447,"FC = 0.95, SFT = 0.2",2024-08-24 14:00:00,2024-08-25 02:00:00,32991.97417,13,2537.844167,0.95,0.2,storm_448,1.782,1,1,0,0,0,0,1
448,"FC = 0.95, SFT = 0.2",2024-08-28 08:00:00,2024-08-29 01:00:00,24253.46764,18,1347.414869,0.95,0.2,storm_449,1.069,1,1,0,0,0,0,1
449,"FC = 0.95, SFT = 0.2",2024-08-30 14:00:00,2024-08-31 02:00:00,22250.27951,13,1711.559962,0.95,0.2,storm_450,1.113,1,1,0,0,0,0,1
